id,question,answer,tags
1,Как связаны датчики температуры и температура котла? Почему датчики не влияют на температуру котла?,"Датчики температуры (например, комнатные) измеряют температуру воздуха/пола в помещениях и нужны для логики управления отоплением. Температура котла (подача/обратка/ГВС) обычно берётся из котла по цифровой шине (например, OpenTherm) или из внутренних датчиков котла. Что важно: 1) Датчики помещений НЕ равны датчикам котла — они не «заменяют» информацию котла. 2) Опрос датчиков помещений можно делать реже (раз в 30–120 секунд) — для комнаты нет смысла опрашивать каждую секунду. 3) Если используете OpenTherm: фактическую температуру котёл сообщает по шине, а внешние датчики участвуют в расчёте целевой температуры/режима (если такая логика реализована). Если цель — управлять именно котлом, сначала проверьте поддержку OpenTherm/EBUS/другой шины вашей моделью котла и правильность подключения.",opentherm;sensors;settings;curated;curated
2,В системе стоит второй контроллер/термостат. Может ли он «мешать» SmartTherm?,"Да, может. Если одновременно подключены два устройства, управляющих котлом (два контроллера/термостата/пульта), они могут конфликтовать. Проверьте: 1) Какой тип управления используется каждым устройством: сухой контакт (on/off) или цифровая шина (OpenTherm/EBUS и т.п.). 2) Не подключены ли два устройства к одному и тому же входу управления котлом. 3) Если есть штатный комнатный пульт/термостат котла — уточните по инструкции, допускается ли параллельное управление. Рекомендация: на время диагностики оставьте подключённым только один контроллер, проверьте стабильность работы, затем подключайте второй по корректной схеме.",wiring;compatibility;errors;curated;curated
3,Какой у вас котёл и почему это важно для подключения SmartTherm?,"Модель котла важна, потому что от неё зависит: 1) Поддержка цифровых протоколов (OpenTherm/EBUS/LPB и т.д.). 2) Тип входа управления: on/off (сухой контакт) или шина. 3) Совместимость по электрическим параметрам и ограничения производителя. Что сделать: 1) Найдите точную модель котла (шильдик/паспорт/инструкция). 2) В инструкции проверьте: есть ли OpenTherm (или иной протокол) и на каких клеммах он доступен. 3) Если протокола нет — используется режим on/off через сухой контакт. Если вы сообщаете точную модель, можно сразу выбрать правильный режим подключения и избежать ошибок.",compatibility;opentherm;wiring;curated;curated
4,Какая версия прошивки SmartTherm установлена и как её узнать?,"Версия прошивки нужна для диагностики и понимания доступных функций. Как узнать: 1) В интерфейсе устройства/веб-странице SmartTherm (если доступно) найдите раздел About/Информация. 2) В логах/сообщениях устройства иногда выводится версия и build. 3) Если используется интеграция (MQTT/Home Assistant), версия может быть опубликована как отдельный параметр. Что делать дальше: — Если проблема появилась после обновления, зафиксируйте текущую версию и дату обновления. — При обращении в поддержку всегда указывайте модель устройства и версию прошивки.",firmware;diagnostics;curated;curated
5,Можно ли подключить к SmartTherm другой датчик (не «родной»)?,"Зависит от типа датчика и входа на SmartTherm. Проверьте: 1) Тип датчика: цифровой (например, DS18B20/1-Wire) или аналоговый (NTC/термистор) или токовый 4–20 мА. 2) Поддерживает ли SmartTherm этот тип физически (вход, питание, диапазоны). 3) Нужна ли калибровка/таблица соответствия (для аналоговых датчиков). Рекомендация: используйте поддерживаемые типы датчиков из документации. Если хотите нестандартный датчик — начните с проверки электрических параметров (напряжение/ток/сопротивление) и безопасной схемы подключения.",sensors;wiring;hardware;curated;curated
6,Можно ли реализовать реле/управление реле на SmartTherm?,"Да, если в вашей конфигурации предусмотрен выход управления (GPIO/реле-модуль) и он поддерживается прошивкой. Что важно: 1) Для управления нагрузкой 220 В нельзя напрямую подключать выход микроконтроллера — нужен модуль реле/контактор. 2) Проверьте, какой именно выход доступен и какие режимы поддерживает прошивка. 3) Для котла обычно используют либо сухой контакт (on/off), либо цифровую шину (OpenTherm) — это не то же самое, что «реле на 220». Перед подключением к котлу убедитесь, что используется «сухой контакт» и не подаётся сетевое напряжение на вход управления котла.",wiring;hardware;safety;curated;curated
7,SmartTherm «не работает». С чего начать диагностику?,"Быстрый чек-лист: 1) Питание: устройство включается, есть стабильные 5V/3.3V (если применимо), блок питания достаточный. 2) Подключение к котлу: правильные клеммы, правильный режим (on/off или OpenTherm), нет конфликтов со вторым контроллером. 3) Сеть/Wi-Fi (если используется): устройство в сети, доступен интерфейс/телеметрия. 4) Версия прошивки: зафиксируйте версию и изменения перед проблемой. 5) Логи/сообщения об ошибках: выпишите точный текст. Если после этих шагов не понятно — подготовьте: модель котла, схема подключения, версия прошивки, фото клемм и описание симптомов.",diagnostics;errors;wiring;firmware;curated;curated
8,Где должен стоять термостат/датчик: у котла или в комнате? Как правильно управлять температурой?,"Комнатный термостат/датчик температуры должен измерять температуру там, где вы хотите её контролировать — обычно в помещении (или зоне), а не рядом с котлом. Типовой сценарий: 1) Котёл поддерживает температуру теплоносителя. 2) Температура в комнатах регулируется термоголовками/сервоприводами на коллекторе и/или комнатными термостатами. 3) SmartTherm может учитывать комнатные датчики, чтобы корректировать режим (если логика реализована). Если у вас «в каждой комнате свой термостат и термоголовки» — котёл часто работает как источник тепла, а комфорт обеспечивается зональным регулированием.",settings;sensors;heating;curated;curated
9,В чём отличие SmartTherm и SmartTherm32?,"Как правило, отличие связано с аппаратной платформой (например, ESP8266 vs ESP32), количеством ресурсов и поддерживаемыми интерфейсами. Типичные отличия: 1) ESP32 обычно мощнее, больше памяти, может устойчивее работать с сетью и несколькими задачами. 2) Может отличаться набор портов/входов под датчики. 3) Может отличаться поддержка функций прошивки. Чтобы точно: проверьте описание версии устройства/прошивки и список поддерживаемых функций. Для поддержки всегда указывайте конкретную модель (SmartTherm или SmartTherm32) и версию прошивки.",hardware;firmware;compatibility;curated;curated
10,Почему нельзя опрашивать DS18B20 слишком часто и сколько датчиков можно вешать на 1-Wire?,"Ограничение обычно связано со временем преобразования DS18B20 и качеством линии. Факты: 1) Время измерения DS18B20 зависит от разрешения и обычно порядка ~0.7–0.8 сек на датчик при максимальном разрешении. 2) Если датчиков несколько на одной линии, общий цикл опроса растёт. 3) Китайские клоны DS18B20 иногда плохо работают при нескольких датчиках на одной линии. Рекомендации: — Опрос помещений делайте раз в 30–120 секунд. — Если на одной линии проблемы — используйте качественные датчики, правильную подтяжку, или разводите датчики по разным линиям/разъёмам.",sensors;1wire;hardware;curated;curated
11,Не подключается к Wi-Fi. Что проверить в первую очередь?,"Чек-лист Wi-Fi: 1) Сеть 2.4 ГГц (многие IoT не поддерживают 5 ГГц). 2) Правильный SSID и пароль (без лишних пробелов). 3) Шифрование WPA2-PSK (редкие режимы могут не поддерживаться). 4) Сильный сигнал: поднесите устройство ближе к роутеру для проверки. 5) DHCP: роутер выдаёт IP, нет фильтрации по MAC. Если не помогло: перезапустите устройство и роутер, проверьте логи/индикаторы и сообщите модель роутера и версию прошивки SmartTherm.",wifi;diagnostics;errors;curated;curated
12,"Как понять, поддерживает ли мой котёл OpenTherm и что делать, если не поддерживает?","1) Найдите точную модель котла и откройте инструкцию. 2) В инструкции ищите раздел про интерфейсы/подключение термостатов: должно быть явно указано OpenTherm (или альтернативный протокол). 3) Если OpenTherm не указан — скорее всего используется on/off (сухой контакт). Если OpenTherm нет: — SmartTherm можно использовать в режиме on/off, если котёл допускает подключение комнатного термостата сухими контактами. — Никогда не подавайте 220 В на вход комнатного термостата котла.",opentherm;compatibility;wiring;safety;curated;curated
13,После обновления прошивки появились проблемы. Что делать?,"1) Зафиксируйте версию прошивки и дату обновления. 2) Сравните поведение: что было до и что стало (симптомы). 3) Проверьте настройки, которые могли сброситься (Wi-Fi/MQTT/режим управления). 4) Если есть возможность — попробуйте повторно прошить ту же версию или откатиться на стабильную (если предусмотрено). Для разбора подготовьте: модель устройства, версию прошивки, модель котла, схему подключения и логи.",firmware;diagnostics;errors;curated;curated
14,Как безопасно подключать термостат/контроллер к котлу (про сухие контакты и запрет 220 В)?,"Большинство котлов для внешнего термостата используют вход «сухой контакт» (релейный вход без подачи напряжения). Правила безопасности: 1) На клеммы термостата котла нельзя подавать сетевое напряжение 220–230 В. 2) Используйте только беспотенциальные контакты (реле) или штатные клеммы, указанные в инструкции. 3) Если сомневаетесь — сверяйтесь с инструкцией котла и схемой подключения. Нарушение может привести к выходу из строя платы управления котла.",safety;wiring;compatibility;curated;curated
15,Как подключить SmartTherm к Home Assistant / Алисе (в общих чертах)?,"Типовой вариант интеграции: 1) Поднять обмен данными через MQTT (если поддерживается прошивкой). 2) Подключить MQTT-интеграцию в Home Assistant. 3) Создать сущности (датчики/переключатели) и пробросить в голосового ассистента через поддерживаемый мост/интеграцию. Важно: точные топики и формат сообщений зависят от прошивки SmartTherm. Для настройки понадобятся параметры MQTT (broker, user/pass) и список публикуемых топиков.",homeassistant;mqtt;integration;curated;curated
16,Проблемы с питанием/зависаниями. Как подобрать блок питания для SmartTherm?,"Если устройство перезагружается или «подвисает», частая причина — питание. Рекомендации: 1) Используйте качественный блок питания с запасом по току (обычно 5V, не менее 2A, лучше с запасом). 2) Проверьте кабель: длинные/тонкие кабели дают падение напряжения. 3) Исключите питание от «шумных» источников (общие линии с инвертором/реле без фильтрации). 4) Для диагностики попробуйте другой БП и короткий кабель. Если зависания остаются — фиксируйте версию прошивки и условия (нагрузка, Wi-Fi сигнал).",power;diagnostics;hardware;curated;curated
17,Нужно ли два датчика T1/T2 и можно ли их объединять?,"Зависит от того, что измеряете. 1) Если T1 и T2 измеряют разные точки (подача/обратка/комната/пол) — объединять нельзя. 2) Если это два комнатных датчика в одной зоне — можно использовать один, если логика управления не требует второго. 3) На уровне 1-Wire физически можно повесить несколько датчиков на один GPIO, но качество зависит от датчиков и линии. Рекомендация: для разных зон/точек измерения используйте отдельные датчики, а частоту опроса делайте разумной (не каждую секунду).",sensors;settings;1wire;curated;curated
18,"Какие данные нужно приложить, чтобы эксперт быстро помог в чате?","Чтобы ускорить помощь, подготовьте: 1) точную модель котла; 2) тип подключения (on/off или OpenTherm/EBUS); 3) схему/фото клемм; 4) версию прошивки SmartTherm; 5) описание симптомов и когда началось; 6) логи/ошибки (если есть); 7) модель роутера (если проблема с Wi-Fi). Это уменьшает число уточняющих вопросов и ускоряет решение.",support;diagnostics;curated;curated
19,Как выбрать режим: on/off или OpenTherm?,"Если котёл поддерживает OpenTherm — обычно это предпочтительнее: появляется обратная связь и более гибкое управление. Алгоритм выбора: 1) Проверьте инструкцию котла: есть ли OpenTherm и на каких клеммах. 2) Если есть — подключайте по шине и настраивайте режим OpenTherm. 3) Если нет — используйте on/off через сухой контакт (комнатный термостат). Важно: режим выбирается по возможностям котла, а не только по желанию пользователя.",opentherm;compatibility;settings;curated;curated
20,"OpenTherm не работает: нет обмена, режим readonly или не загорается значок OT на котле","Чек-лист по OpenTherm: 1) Провод и разъём: проверьте, что кабель OpenTherm вставлен до конца в разъём контроллера и в клеммы котла; попробуйте другой кабель (витая пара, короткий участок). 2) Настройки котла: в меню котла должен быть включён режим OpenTherm/цифровой термостат (не только «комнатный термостат on/off»). На части котлов есть дип-переключатель OT — он должен быть в рабочем положении. 3) Настройки SmartTherm: в прошивке выбран режим OpenTherm, а не on/off; после смены режима перезагрузите контроллер. 4) Один мастер на шине: два контроллера одновременно на одной шине OT обычно конфликтуют — оставьте один активный. 5) Питание адаптера: слабый или шумный блок питания USB может давать сбои обмена — попробуйте БП 5V ≥2A и короткий кабель. Если обмен есть, но параметры только «на чтение» — проверьте, не ограничивает ли котёл управление по OT (зависит от модели и положения дип-переключателя). Укажите модель котла и версию прошивки SmartTherm.",opentherm;wiring;diagnostics;errors;curated;curated
21,"Котёл Baxi OpenTherm: пропала горячая вода (ГВС), не греет бойлер или отопление не выше 40–45 °C после подключения SmartTherm","Типовые причины на Baxi при замене штатной панели на SmartTherm: 1) Горячая вода (ГВС): на части настроек ГВС идёт через отдельный контур CH2. В интерфейсе SmartTherm проверьте опцию «Использовать CH2 для горячей воды» (ID0:HB4) — без неё ГВС может не запускаться при управлении только отоплением. 2) Лимит температуры: если на котле/в настройках стоит ограничение ~48 °C на выходе, отопление не поднимется выше — сверьте уставки на панели котла и в SmartTherm. 3) Режим ПИД: при выключенном отоплении и обогреве котёл может не греть бойлер — проверьте сезон (зима/лето) и режимы ГВС/отопления. 4) Диагностика: отключите SmartTherm, подключите штатную панель — если ГВС возвращается, проблема в настройке OT/контуров, а не в котле. Для разбора укажите: точную модель Baxi, версию прошивки SmartTherm, скрин настроек CH2 и что именно не работает (ГВС, отопление или оба).",baxi;opentherm;settings;hot_water;curated;curated
22,SmartTherm установлен внутри корпуса котла и отваливается / перезагружается. Может ли перегрев быть причиной?,"Да, перегрев внутри теплоизоляции котла — частая причина нестабильной работы ESP. Что сделать: 1) Вынесите контроллер наружу котла — на DIN-рейку или в зону с нормальной вентиляцией (температура внутри корпуса при работе горелки может быть высокой). 2) Проверьте блок питания: достаточный ток, качественный БП 5V, короткий USB-кабель. 3) После переноса проверьте стабильность Wi-Fi и обмена OpenTherm в течение нескольких часов. Контроллер рассчитан на работу в нормальных температурных условиях помещения/щита, а не внутри горячего шкафа котла.",hardware;diagnostics;power;safety;curated;curated
23,"Не подключается приложение SmartTherm Client удалённо по MQTT, хотя контроллер к серверу подключается","Разделите проблему на два уровня: 1) Контроллер → MQTT-брокер: если сам SmartTherm на связи, проверьте host/port/user/password MQTT в настройках устройства и что брокер доступен из сети контроллера. 2) Телефон → сервер/брокер: приложение Client должно достучаться до того же адреса снаружи. Если сервер пингуется с телефона, но Client не подключается — проверьте: — проброс портов/NAT и firewall на роутере; — TLS/порт (1883 vs 8883); — учётные данные в приложении совпадают с брокером; — нет ли блокировки мобильным оператором. Для Home Assistant обычно используют MQTT-интеграцию HA, а не только Client. Укажите: локально Client работает или нет, какой брокер (свой/VPS), версию прошивки.",mqtt;wifi;integration;diagnostics;curated;curated
24,Как подключить внешний датчик давления к SmartTherm32 для удалённого мониторинга?,"На SmartTherm32 можно использовать вход под датчик давления, если он предусмотрен вашей комплектацией и прошивкой. Общий порядок: 1) Уточните тип датчика: аналоговый (0–5 В / 4–20 мА) или цифровой — и совместимость с входом контроллера. 2) На котле часто стоит реле давления, а не аналоговый датчик — тогда показания «давления» на котле могут быть недоступны без замены на датчик и настройки в инженерном меню котла. 3) Подключите датчик по схеме из документации, настройте калибровку/масштаб в интерфейсе SmartTherm. 4) Проверьте отображение в веб-интерфейсе и при необходимости пробросьте в MQTT/HA. Важно: падение давления вместе с ростом температуры может указывать на проблему расширительного бака — при таких симптомах сначала проверьте гидравлику, а не только электронику.",sensors;pressure;smarttherm32;hardware;curated;curated
25,Как правильно подключить провода OpenTherm к котлу и SmartTherm?,"Общие правила подключения OpenTherm: 1) Используйте клеммы OT на котле, указанные в инструкции (часто OT+/OT− или A/B). Полярность смотрите в документации котла и SmartTherm. 2) Кабель: витая пара, без параллельного прокладывания с силовыми линиями 220 В; длина — по возможности короче. 3) Не подключайте 220 В к клеммам комнатного термостата/OT — только интерфейс OpenTherm или сухой контакт, в зависимости от режима. 4) В настройках котла включите режим цифрового термостата/OpenTherm; на SmartTherm выберите тот же режим. 5) После подключения проверьте обмен: статус OT, температура подачи/модуляция (если котёл отдаёт). Если обмен не появляется — см. FAQ про диагностику OpenTherm (провод, дип-переключатель, один мастер на шине). Укажите модель котла для точной схемы.",opentherm;wiring;safety;installation;curated;curated
26,Может там как-то второй контроллер затыкается,"Как работает мой одноконтурный baxi с бкн на 24кВт. Да, действительно, он нагревается до 60 (у меня такая стоит) при этом при приближении к температуре заранее сбавляет модуляцию. Когда температура 60-65, котёл сбрасывает модуляцию в 0%, но не выключает горелку. У меня температура начинает падать и он опять поднимает модуляцию. И так, как ты говоришь, на протяжении 30-40 минут. Но он не тактует. По заявлению производителя на моём котле минимальная модуляция от 9кВт и до 24. Соответственно мне надо чуть больше 9кВт. 24кВт нужно именно для нагрева бойлера и тут расчёт не на ваше желание или хотелки. А всё подбирается в зависимости от мощности (теплосъёма) змеевика в бкн. Выбрали маленький котёл, будет греть долго и не будет успевать нагреть воду при большом расходе, фактически на протоке. Выбрали слишком большой котёл, глубины его модуляции не хватит для снижения в режиме СО и будет тактовать.",baxi;hot_water;cluster;curated;curated
27,а какой у вас котёл?,"Добрый день. Брал ваш контроллер esp32 в прошлом году. Отработал зиму и лето на стоковой прошивке. Отличное решение и лучше не придумать. За что вам отдельная огромная благодарность. Управлял через мини пк по удаленке, на котором висит много чего и охранка пожарка видеонаблюдение, умный дом, солнечный инвертор и прочее, интернет не более 2Мбит/с увеличения нет и не будет, глухомань, но достаточно для удаленке с пк. ХоумАсист для меня сложновато, есть вариант поставить на мини пк, пробовал, не смог осилить, вернул всё назад, сложно для меня. Так вот, какой вопрос. Есть ли какая прошивка, посвежее, чтоб с мобилы управлять и/или чтоб к умному дому привязать (MiJia Hub)???",firmware;hardware;cluster;curated;curated
28,какая версия прошивки?,"Добрый день. Брал ваш контроллер esp32 в прошлом году. Отработал зиму и лето на стоковой прошивке. Отличное решение и лучше не придумать. За что вам отдельная огромная благодарность. Управлял через мини пк по удаленке, на котором висит много чего и охранка пожарка видеонаблюдение, умный дом, солнечный инвертор и прочее, интернет не более 2Мбит/с увеличения нет и не будет, глухомань, но достаточно для удаленке с пк. ХоумАсист для меня сложновато, есть вариант поставить на мини пк, пробовал, не смог осилить, вернул всё назад, сложно для меня. Так вот, какой вопрос. Есть ли какая прошивка, посвежее, чтоб с мобилы управлять и/или чтоб к умному дому привязать (MiJia Hub)???",firmware;hardware;cluster;curated;curated
29,Что бы туда можно было воткнуть любой другой датчик,"Поясните убогому, с чем вы боретесь-то? Константин проводит глубокую аналитическую и практическую работу по замерам помех в линиях питания. Давит помехи. Но у него и так всё нормально работает. С этим БП, шнурком и платой. И эффекта в стабильности работы никакого нет. Я верно понял? Пока есть только рекомендации допаять на плату конденсаторов. Чтобы что? Тут я запутался, простите. Можно встречное предложение? Не лучше ли посмотреть осциллографом линию OpenTherm? Вдруг там что-то явно не то творится. И конкретно схему сопряжения OpenTherm с esp32 производитель контроллеров делает сам. А esp32 - готовое покупное изделие. И чего в него лезть? OpenTherm ведь работает по прерываниям, если там есть ""шило"", будет глючить обмен со всеми вытекающими. Ну или я что-то сильно не так понял 🤷🏼‍♂",opentherm;sensors;wiring;power;hardware;cluster;curated;curated
30,"Давление измеряет обычный датчик давления, к которому прикручена есп. У меня это вообще через ж сделано - на этом датчике и инвертор висит, и есп, причем датчик сдуру был куплен токовый, 4-20мА, по странным нагугленным советам, что было отдельным гемором","Не совсем так. Как уже писал Mitchel. У котла свой встроенный PID. Когда температура в комнате упала, котел включается. Температура теплоносителя = 25 градусов. Котлу надо ее разогреть до = 70 градусов. Котел включается на минимальной мощности и понимая , что теплоноситель сильно остыл, быстро начинает увеличивать мощность до 100% Через 10 минут теплоноситель прогреется до 70 градусов и котел сначала начнет снижать мощность, а когда даже на минимальной мощности температура достигнет 75 градусов выключит горелку. Но в помещении по-прежнему холодно. На прогрев помещения понадобится 30 - 40 минут. И вот, все это время котел то включает , то выключает горелку. (разогревая теплоноситель до 75, потом остывая до 65 градусов) Такая фигня происходит у тех кто купил котел слишком большой мощности. Я в этом числе.....",sensors;settings;pressure;cluster;curated;curated
31,А на смарттерм можно реализовать реле ?,"Поясните убогому, с чем вы боретесь-то? Константин проводит глубокую аналитическую и практическую работу по замерам помех в линиях питания. Давит помехи. Но у него и так всё нормально работает. С этим БП, шнурком и платой. И эффекта в стабильности работы никакого нет. Я верно понял? Пока есть только рекомендации допаять на плату конденсаторов. Чтобы что? Тут я запутался, простите. Можно встречное предложение? Не лучше ли посмотреть осциллографом линию OpenTherm? Вдруг там что-то явно не то творится. И конкретно схему сопряжения OpenTherm с esp32 производитель контроллеров делает сам. А esp32 - готовое покупное изделие. И чего в него лезть? OpenTherm ведь работает по прерываниям, если там есть ""шило"", будет глючить обмен со всеми вытекающими. Ну или я что-то сильно не так понял 🤷🏼‍♂",opentherm;wiring;power;hardware;cluster;curated;curated
32,А SmartTherm работает?,"Целиком поддерживаю! У меня идея такая. В esp32 организовать массив термостатов для каждой комнаты, чтобы в зависимости от целевой и текущей температуры программа вычисляла заданную температуру теплоносителя. И тогда получается прозрачная логика. Максимальная расчетная из всех термостатов подается на котел, остальные термостаты рулят головками на коллекторе. Все работают по одинаковому алгоритму. Таким образом, всегда минимум один контур будет открыт и насос не будет ""работать на задвижку"". Чисто программное решение, из оборудования только датчики в комнатах и головки на коллекторе. Ну и i2c-шные расширители портов.",sensors;hardware;cluster;curated;curated
33,"А ещё вопрос, может уже не раз повторялся, но я не увидел ответ, есть просто SmartTherm, а есть SmartTherm32, в чём отличие?","Как работает мой одноконтурный baxi с бкн на 24кВт. Да, действительно, он нагревается до 60 (у меня такая стоит) при этом при приближении к температуре заранее сбавляет модуляцию. Когда температура 60-65, котёл сбрасывает модуляцию в 0%, но не выключает горелку. У меня температура начинает падать и он опять поднимает модуляцию. И так, как ты говоришь, на протяжении 30-40 минут. Но он не тактует. По заявлению производителя на моём котле минимальная модуляция от 9кВт и до 24. Соответственно мне надо чуть больше 9кВт. 24кВт нужно именно для нагрева бойлера и тут расчёт не на ваше желание или хотелки. А всё подбирается в зависимости от мощности (теплосъёма) змеевика в бкн. Выбрали маленький котёл, будет греть долго и не будет успевать нагреть воду при большом расходе, фактически на протоке. Выбрали слишком большой котёл, глубины его модуляции не хватит для снижения в режиме СО и будет тактовать.",baxi;hot_water;hardware;cluster;curated;curated
34,"Народ, помогите. Котел Baxi На практике проверил (3 раза) что после отключения панели и подключения контроллера перестаёт работать подача горячей воды. Отопление работает. Так же обратил внимание, сто при установке температуры воды отопления выходная вода больше 48 не нагревалась. При подключение панели вместо контроллера проблемы уходят. Куда копать и что проверять?","Как работает мой одноконтурный baxi с бкн на 24кВт. Да, действительно, он нагревается до 60 (у меня такая стоит) при этом при приближении к температуре заранее сбавляет модуляцию. Когда температура 60-65, котёл сбрасывает модуляцию в 0%, но не выключает горелку. У меня температура начинает падать и он опять поднимает модуляцию. И так, как ты говоришь, на протяжении 30-40 минут. Но он не тактует. По заявлению производителя на моём котле минимальная модуляция от 9кВт и до 24. Соответственно мне надо чуть больше 9кВт. 24кВт нужно именно для нагрева бойлера и тут расчёт не на ваше желание или хотелки. А всё подбирается в зависимости от мощности (теплосъёма) змеевика в бкн. Выбрали маленький котёл, будет греть долго и не будет успевать нагреть воду при большом расходе, фактически на протоке. Выбрали слишком большой котёл, глубины его модуляции не хватит для снижения в режиме СО и будет тактовать.",baxi;wiring;hot_water;cluster;curated;curated
35,"Смотри, что есть на AliExpress! NodeMcu Lua WIFI плата для интернета вещей за 172 ₽ - уже со скидкой -12% <URL>","хрень какая-то.... еще могу посоветовать удалить устройство OpenTherm и еще раз повторить установку. Больше навскидку сказать нечего, надо ручками повторять",opentherm;wifi;cluster;curated;curated
36,Это после того как котел нагрел бойлер.,"Как работает мой одноконтурный baxi с бкн на 24кВт. Да, действительно, он нагревается до 60 (у меня такая стоит) при этом при приближении к температуре заранее сбавляет модуляцию. Когда температура 60-65, котёл сбрасывает модуляцию в 0%, но не выключает горелку. У меня температура начинает падать и он опять поднимает модуляцию. И так, как ты говоришь, на протяжении 30-40 минут. Но он не тактует. По заявлению производителя на моём котле минимальная модуляция от 9кВт и до 24. Соответственно мне надо чуть больше 9кВт. 24кВт нужно именно для нагрева бойлера и тут расчёт не на ваше желание или хотелки. А всё подбирается в зависимости от мощности (теплосъёма) змеевика в бкн. Выбрали маленький котёл, будет греть долго и не будет успевать нагреть воду при большом расходе, фактически на протоке. Выбрали слишком большой котёл, глубины его модуляции не хватит для снижения в режиме СО и будет тактовать.",baxi;hot_water;cluster;curated;curated
37,Здравствуйте Ещё раз прошу вашей помощи Кто знает может как подключить термостат удалённо по mqtt Не подключается удалённо приложение smarttherm client к серверу сам контроллер подключается .С телефона сервер пингуется,"В платной прошивке вся логика управления котлом работает на самом контроллере opentherm. Включая термостаты. Поэтому потеря связи с HA, MQTT и интернетом не повлияют на отопление. HA используется только для мониторинга и смены режима работы. Если комнатная или уличная температура поступает на контроллер по сети (например из HA), то есть аварийный режим. Контроллер понимает, что связи по сети нет и переключается на проводной датчик подключенный прямо в контроллер. Или включает непрерывное поддержание заданной температуры отопления. Пока связь не восстановится.",opentherm;mqtt;sensors;firmware;wiring;cluster;curated;curated
38,"Ну у меня датчик давления в котле завышает по сравнению со стрелочными ☺️ А если давление ходит вместе с температурой, то это первый звоночек на проверку РБ. Когда-то пауза между включениями котла станет чуть больше, давление упадёт до порога, и котёл уже не включится, уйдя в ошибку. Смысла тянуть с проверкой никакого. Весна ведь, включаться будет всё реже и реже...","Целиком поддерживаю! У меня идея такая. В esp32 организовать массив термостатов для каждой комнаты, чтобы в зависимости от целевой и текущей температуры программа вычисляла заданную температуру теплоносителя. И тогда получается прозрачная логика. Максимальная расчетная из всех термостатов подается на котел, остальные термостаты рулят головками на коллекторе. Все работают по одинаковому алгоритму. Таким образом, всегда минимум один контур будет открыт и насос не будет ""работать на задвижку"". Чисто программное решение, из оборудования только датчики в комнатах и головки на коллекторе. Ну и i2c-шные расширители портов.",sensors;pressure;hardware;diagnostics;cluster;curated;curated
39,"У меня сейчас Vers <IP> build Oct 17 2025 По ссылке свежее? Сегодняшнее, похоже","Как работает мой одноконтурный baxi с бкн на 24кВт. Да, действительно, он нагревается до 60 (у меня такая стоит) при этом при приближении к температуре заранее сбавляет модуляцию. Когда температура 60-65, котёл сбрасывает модуляцию в 0%, но не выключает горелку. У меня температура начинает падать и он опять поднимает модуляцию. И так, как ты говоришь, на протяжении 30-40 минут. Но он не тактует. По заявлению производителя на моём котле минимальная модуляция от 9кВт и до 24. Соответственно мне надо чуть больше 9кВт. 24кВт нужно именно для нагрева бойлера и тут расчёт не на ваше желание или хотелки. А всё подбирается в зависимости от мощности (теплосъёма) змеевика в бкн. Выбрали маленький котёл, будет греть долго и не будет успевать нагреть воду при большом расходе, фактически на протоке. Выбрали слишком большой котёл, глубины его модуляции не хватит для снижения в режиме СО и будет тактовать.",firmware;baxi;hot_water;cluster;curated;curated
40,Как подключить котёл к SmartTherm (общая схема)?,"Общий порядок подключения: 1) Уточните модель котла и тип управления: OpenTherm (цифровая шина) или on/off (сухой контакт / комнатный термостат). 2) Отключите питание котла. Подключите клеммы OT или клеммы комнатного термостата по инструкции котла и SmartTherm (витая пара, без 220 В на OT). 3) В настройках котла включите режим внешнего термостата / OpenTherm. 4) В SmartTherm выберите тот же режим (OT или on/off), укажите модель котла. 5) Включите питание, проверьте обмен (температура, статус OT, нет ошибок). Важно: на время настройки оставьте один активный контроллер на шине. Для разбора пришлите модель котла и фото клемм.",wiring;opentherm;installation;curated;curated;curated
41,Есть ли прямая интеграция SmartTherm с Home Assistant?,"Прямой «официальной» интеграции HA в виде одного плагина обычно нет. Типовые варианты: 1) MQTT — если прошивка публикует топики, подключите MQTT-интеграцию в Home Assistant. 2) ESPHome — у части пользователей связка SmartTherm ↔ HA через ESPHome (зависит от прошивки и конфигурации). 3) Альтернативные прошивки — расширенные сценарии через MQTT/ESPHome. Для настройки нужны: адрес MQTT-брокера, учётные данные, список топиков или конфиг ESPHome. Уточните версию прошивки SmartTherm.",homeassistant;mqtt;integration;curated;curated;curated
42,"Этот сценарий в случае если температуру надо поднять на несколько градусов, а если поддерживать постоянную то другой сценарий. Посмотрите мой график у меня сейчас как раз выставлена постоянная температура в доме, и вот что происходит, когда опускается ниже заданной то PID начинает ее постепенно поднимать, соответственно котел включается начинается нагрев. Принцип работы внутри котла неизвестен что там с мощностью, но горелка работает постоянно. P","Как работает мой одноконтурный baxi с бкн на 24кВт. Да, действительно, он нагревается до 60 (у меня такая стоит) при этом при приближении к температуре заранее сбавляет модуляцию. Когда температура 60-65, котёл сбрасывает модуляцию в 0%, но не выключает горелку. У меня температура начинает падать и он опять поднимает модуляцию. И так, как ты говоришь, на протяжении 30-40 минут. Но он не тактует. По заявлению производителя на моём котле минимальная модуляция от 9кВт и до 24. Соответственно мне надо чуть больше 9кВт. 24кВт нужно именно для нагрева бойлера и тут расчёт не на ваше желание или хотелки. А всё подбирается в зависимости от мощности (теплосъёма) змеевика в бкн. Выбрали маленький котёл, будет греть долго и не будет успевать нагреть воду при большом расходе, фактически на протоке. Выбрали слишком большой котёл, глубины его модуляции не хватит для снижения в режиме СО и будет тактовать.",baxi;settings;hot_water;from_chat
43,"Вот с этим очень согласен! Я тут в чате нахожусь недельку может, но до сих пор не понимаю нужен ли этот контроллер мне. Стоит котёл - гидрострелка - потребитель радиатор, потребитель тёплые полы. Все радиаторы управляются термостатами в комнатах и открывают /закрывают по темп комнаты. Контура теплого пола регулируется также сервоприводами по темп помещения. Котёл в межсезонье тактует из-за малого теплосьема. Но это может даже и не тактование. Пос","Соглашусь. Но там всё очень взаимосвязано. Поставил себе датчики температуры на коллекторы подачи и обратки. И действительно, дельта между ними практически константа. Так само собой получается. При малых нагревах дельта маленькая, когда прогреваю <ADDRESS> большая. Иметь два органа управления в виде заданной температуры/модуляции и скорости насоса выгодно, так как можно оптимизировать расходы при одной и той же мощности. Это уже второй порядок сложности. Тут с первым бы разобраться 😉",sensors;from_chat
44,"поддержу обоих ораторов при наличии контроллера, любая автоматика (кроме безопасности) - лишняя. Если конкретно про ПЗА, то при исключительно теплых полах ... я вообще не понимаю как отапливаться только теплыми полами при их инертности. Ну и смотреть на ""забортную"" температуру не достаточно, есть ещё сила ветра и направление (у меня от этого температура в доме почему-то зависит). У себя сделал завязку на температуру в каждой комнате и отдельно (д","<USER> к вопросу должен ли котел знать температуру на улице - производитель заявляет что у них есть ПЗА, по факту получается что в нашем климате она работать не будет. Не допилили прошивку под наш рынок редиски Турецкие, а наши молчат.",wifi;firmware;wiring;safety;from_chat
45,"Господа,не так давно была авария в системе трубопровода отопления на радиаторы-трубка с недоконца закрученной гайки слетела, давление в котле упало и он выключился.Я находился вне дома.По приезду увидел запись о том что последняя операция была легионела по уставке котла раз в неделю греть БКН.В этот понедельник ночевал в доме и заметил вот что:Меня разбудил постоянный такт котла за стеной.Когда зашёл в бойлерную то увидел,что котёл прогрел БКН до",Без контроллера работала ПЗА и при достижении уставки термостат рвал контакт - горелка гасла и после времени выбега насос стопился и трёхходовой переходил в ГВС. После пары часов термостат запускал котёл нагревая теплонаситель до t° по ПЗА.,sensors;wiring;settings;hot_water;pressure;from_chat
46,"вот моё мнение : котёл должен включаться и давать тепло тогда когда попросил любой из потребителей в каждой комнате - зональное регулирование так сказать. А как вот у большинства настроено работа по одному датчику в самой холодной комнате - я считаю что все равно дискомфорт присутствует, даже если эти люди будут говорить что норм все. Теплопотери комнат разные, солнечная сторона одна, ветер надувает с любой стороны и прочие прочие вещи","Соглашусь. Но там всё очень взаимосвязано. Поставил себе датчики температуры на коллекторы подачи и обратки. И действительно, дельта между ними практически константа. Так само собой получается. При малых нагревах дельта маленькая, когда прогреваю <ADDRESS> большая. Иметь два органа управления в виде заданной температуры/модуляции и скорости насоса выгодно, так как можно оптимизировать расходы при одной и той же мощности. Это уже второй порядок сложности. Тут с первым бы разобраться 😉",sensors;from_chat
47,"Доброе утро! Интересный вопрос, нужен ли pid? Смотрю на график работы PID температура растет постепенно потом акже постепенно падает все время нагрева работает насос, а если без pid сразу врубить котел на полную и потом отключить то общее время работы насоса будет меньше т.е. электричества меньше потратится Кто нить задумывался какой режим лучше?","Для анализа не хватает графика включений горелки. Когда включаете по гистересису, котёл сразу жарит на полную мощьность. Быстро достигает заданной температуры СО. И начинает тактовать. Пока комната не прогреется. С PID температура на котле увеличивается постепенно. Горелка работает на минимуме. Снижается прогорание топки. Тактования нет или оно существенно меньше. Газа сгорит одинаково. Помпа при гистерезисе работает меньше, но это не точно. Дальше сами решаете, что важнее : моторесурс помпы или износ горелки и топки.",settings;from_chat
48,"тут не совсем так работает) как минимум у меня система заточена под свою логику и используется свой сайт для управления и сбора данных, несколько плат обмениваются данными через сайт и т.п. т.е. делалось под конкретную задачу и не залетит у всех. просто проще всё с нуля переписать. логика устройства проста: одна Mega для сбора температур и управления 16 реле для запуска сервоприводов по температуре и своему расписанию образа жизни (типа тёплых по","нет. Не совсем так. Если у нас в контроллере не включен PID, то при включении отопления котлу передается ""Ополение включить"" и ""Выставить целевую температуру теплоносителя"". После этого котел сам решает, когда ему включится и как греть до целевой. Если текущая температура теплоносителя выше целевой, то не включится. Если это Мизудо, то он будет хотеть разность до 15 градусов.",settings;from_chat
49,"Прошу прощения, только начинаю вникать в тему. Я правильно понял, что mqtt discovery - это что-то внешнее, и при отсутствии интернета на работает? А также такой вопрос - как себя поведет контроллер, если пропадет связь с HA и термодатчиком, расположенным в комнате?","В платной прошивке вся логика управления котлом работает на самом контроллере opentherm. Включая термостаты. Поэтому потеря связи с HA, MQTT и интернетом не повлияют на отопление. HA используется только для мониторинга и смены режима работы. Если комнатная или уличная температура поступает на контроллер по сети (например из HA), то есть аварийный режим. Контроллер понимает, что связи по сети нет и переключается на проводной датчик подключенный прямо в контроллер. Или включает непрерывное поддержание заданной температуры отопления. Пока связь не восстановится.",opentherm;mqtt;sensors;firmware;wiring;from_chat
50,"Если вы так сильны в unix, может быть посмотреть в сторону vlan + firewall, а для https настроить ревирс прокси на nginx или apache? Думаю можно придумать ни один вариант для подключения к девайсу безопасно.","Это все правильно. Но все эти методы не отменяют использование Wi-Fi. Wi-Fi плох несколькими моментами. Во-первых, насколько мне удалось понять – этот чип используют устаревший протокол шифрования и аутентификации. Во-вторых, протокол Wi-Fi работает без гарантии доставки. Да, там можно настроить классы обслуживания и задать этому трафику класс, который будет обслуживаться и приоритетной очереди на порту. Но это всё равно, не дает гарантии доставки сообщений – и по-моему, в этом чипе механизмы класса обслуживания нереализованной. Я хочу работать – по проводам. И в идеале – в текстовом режиме, из Линукса.",wifi;wiring;safety;from_chat
51,"это код для smartTherm внутрянки, как я понимаю. и тут наверное просто режим задётся топить или нет. для HA offMode и HeatMode - это просто режимы топить или нет, а отопление ""включается"" только от температуры. если mode heat в HA - то при опускании температуры сенсора ниже заданной температуры - включится отопление. а если mode off - то ничего не включится даже при заданной температуре и температуре сенсора ниже её","нет. Не совсем так. Если у нас в контроллере не включен PID, то при включении отопления котлу передается ""Ополение включить"" и ""Выставить целевую температуру теплоносителя"". После этого котел сам решает, когда ему включится и как греть до целевой. Если текущая температура теплоносителя выше целевой, то не включится. Если это Мизудо, то он будет хотеть разность до 15 градусов.",mqtt;settings;from_chat
52,"Рост температуры как раз легко объяснить. После выключения горелки насос еще 10мин работает и мы на графике наблюдаем плавный спуск, потом насос отключается и котёл стоит в выключенном состоянии (это у меня автоматизация ПЗА так работает) вот как раз после отключения насоса начинается рост температуры (тк датчик внутри теплообменника протока нет а он еще теплый).","по идее прокачка насосом теплообменник охлаждает до температуры обратки, после отключения насоса наблюдается небольшой подъем, но не выше температуры подачи... Плюс в технологическом меню обычно можно выбрать время работы насоса после выключения горелки. Что касается нагрева БКН, контроллер никак не контролирует этот процесс, только может задавать температуру нагрева и показывать текущее состояние",sensors;from_chat
53,При подключении по Open Therm управление с панели котла возможно? Что в приоритете?,"Добрый день. Брал ваш контроллер esp32 в прошлом году. Отработал зиму и лето на стоковой прошивке. Отличное решение и лучше не придумать. За что вам отдельная огромная благодарность. Управлял через мини пк по удаленке, на котором висит много чего и охранка пожарка видеонаблюдение, умный дом, солнечный инвертор и прочее, интернет не более 2Мбит/с увеличения нет и не будет, глухомань, но достаточно для удаленке с пк. ХоумАсист для меня сложновато, есть вариант поставить на мини пк, пробовал, не смог осилить, вернул всё назад, сложно для меня. Так вот, какой вопрос. Есть ли какая прошивка, посвежее, чтоб с мобилы управлять и/или чтоб к умному дому привязать (MiJia Hub)???",opentherm;firmware;wiring;hardware;from_chat
54,"я в своё время (+-год назад) то же хотел актуатор на теплый пол ... понял что фигня (именно для меня, у вас ситуация сложнее) у меня ТП+радиаторы на первом этаже, радиаторы на втором радиаторы на первом поставил для подстраховки, оказались очень даже нужны","Попробуйте посмотреть в сторону одного сервопривода на термостат смесительного узла. Котёл, как я понимаю, не конденсационный, гонит в радиаторы, а в теплый пол через узел подмеса. Одним приводом на этом узле подмеса можно будет менять температуру подачи в коллектор ТП. На каждую петлю ставить свой регулятор может оказаться существенно дороже. А так один раз отбалансируете, и далее температурой подачи в коллектор будете держать заданную температуру на первом этаже.",general;from_chat
55,"Видимо не все вводные я дал. У меня свое прямое управление клапаном и модуляцией. Котел делает, что я скажу без самодеятельности. И управляя им, я не вижу особой разницы при включенной модуляции и работе по комнатному термостату без модуляции. Как я выше описал. Я пробовал ограничивать верх температуры котла по темп. Улицы. Тогда он модулирует перед выключением какое-то время. Но разницы по расходу я не поймал. По забросам температуры в доме разн","И как она меняется? Тоже ""котлом по своему разумению"". Я к тому ,что расчетная U(как уставка для котла) никогда не равняется температуре котла!👎 Если это так, то что делает _сам_ контроллер в этой цепочке?",settings;from_chat
56,Режим slave это настройки в котле? Или команды OT. BAXI Ampera толком не управляется. Приходится руками её переключать,"При подключении Котел и Контроллер ""представляются"" друг-другу. И контроллер переводит котел в режим ведомого. Если этого не сделать то будет работать только мониторинг. Команды котел принимать не будет или совсем, или частично. Что бы перевести котел в режим ведомого, контроллер сообщает котлу свой код производителя. В 99% случаев подходит код считанный с котла или ноль. Команда в ID:2 сообщает котлу, что к нему подключилось устройство с кодом производителя: таким то... . Если котел сочтет код корректным, то переключится в режим ведомого. И им можно будет управлять, а не только мониторить.",opentherm;baxi;wiring;settings;from_chat
57,"Господа,а разве одно контурный котёл проблему не решает с железом ,кальцием и всего остального?Система отопления заполняется водой из осмоса и циркулирует в замкнутом контуре и на отопление и на подогрев горячей воды в бойлере.Для питья и приготовления пищи используется тот же самый осмос,а перед входом для всех потребителей в доме ставим магистральный фильтр.Или я отстал от времени и сейчас люди устали ничего не решать и не делать и сами придумы","С растворённым железом эффективно использую аэрационную колонну, после неё фильтр с засыпкой экотар. Работает с китайским контроллером уже почти 10 лет нормально. Анализ на железо не сдавал, но санфаянс белоснежный.)",hot_water;from_chat
58,"15квт котёл? Откуда ты знаешь что он работает на 10% мощности? У конвекционных котлов есть минимальная мощность, ниже которой не могут работать они. Для моего котла 24квт, минимум это 9-10квт","Соглашусь. Но там всё очень взаимосвязано. Поставил себе датчики температуры на коллекторы подачи и обратки. И действительно, дельта между ними практически константа. Так само собой получается. При малых нагревах дельта маленькая, когда прогреваю <ADDRESS> большая. Иметь два органа управления в виде заданной температуры/модуляции и скорости насоса выгодно, так как можно оптимизировать расходы при одной и той же мощности. Это уже второй порядок сложности. Тут с первым бы разобраться 😉",sensors;from_chat
59,"Почитал про настройки выше, но у меня ситуация сложнее. Пока к котлу подключена лишь одна петля и он часто тактует. Металлопластик 16 мм диаметром и теплоносителя очень мало, уходит в перегрев примерно раз в 4 минуты. Что тут можно покрутить? Я модуляцию котла снизил до 20%, но не уверен, что котел так умеет. Максимальную температуру тоже снизил с 80 до 65 градусов, но не особо помогает.","У котлового насоса бывает переключатель скорости. Хорошо бы на максимальную поставить, чтоб хоть как-то снимать тепло. И зачем такая высокая температура? Если котел не может меньше, то пусть работает в гистерезисе. Вкл/выкл по температуре в комнате. Я так делал, норм.",wiring;settings;from_chat
60,"Теоретически можно запитать от котла если там есть 5в. Но перед тем как ставить контроллер внутрь котла сначала проверьте насколько хорошо он будет там ловить wifi. Корпус котла железный, а антеннка у контроллера маленькая.","Питание от платы котла брать страшно. Даже если там есть 5 вольт. Далеко не факт, что хватит тока. Просадить питание плате котла - так себе удовольствие. Если есть желание спрятать внутрь, имеет смысл по витой паре вместе с проводными датчиками температуры пустить 5 вольт по свободным проводкам. Или наоборот утащить от котла подальше, да запитать от обычной зарядки. По протоколу OpenTherm линия аж 50 метров допускается.",opentherm;wifi;sensors;wiring;power;from_chat
61,"чем гадать какую воду наливать просто возьмите с крана воду, которая у вас течет, возьмите с пятёрочки, со скважины у соседа, кипяченную воду, после осмоса, с водомата и купите прибор замеряющий Рн и РРМ. Рн не должен быть ниже 7. Но и сильно выше 7 не должен. Оптимально 7-8 Ррм не должен быть близок к дистиляту (то есть 5-10). Но и как со скважины в 500ррм тоже не надо","Т.е. для измерения температуры? По сути часть автоматики работы котла заменяется тем, что насос крутиться и проталкивает по трубам теплоноситель. Сколько там? 300 литров в час. Хотя электроны по проводам сделают это с максимальной скоростью и за минимальную цену.",wiring;from_chat
62,"Ну вот я тебе говорю что концекционный котёл не может априори выдать меньше чем 9-10квт. Так работают все котлы, не считая тех которых указал и конденсационных","У меня мизудо 15TH. Контроллер показывает постоянно 4%😵. В FH эту проблемы тоже озвучили, но как бороться не сказали. Причем, на дисплее ""лесенка"" модуляции меняется. Т.е. какбЭ модуляция есть, но в контроллере всегда 4% Официалы мизудо ответили:""Если вы видите модуляцию в 4% на своем телефоне, то скорее всего это настройка самого Зонта, возможно его нужно перенастроить, но это уже к производителю автоматики Зонт. На самом котле у нас % модуляции не отражается."" Конец.",settings;from_chat
63,"Возможно и попробовать подключить их в параллель и узнать,последствии думаю с приборами не будет или ошибаюсь господа?","Не очень наглядно, но примерно так выглядит сигнал opentherm. Т.е. адаптер и панель будут одновременно передавать команды путём падения напряжения. Если они попадут в один промежуток времени, то котёл ничего не поймёт. Если они придут в разное время, то в лучшем случае котёл будет реагировать на команды одного, и тут же на команды другого. Но скорее всего котёл сойдёт с ума и выдаст ошибку, так как протоколом определён определённые тайминги для передачи команд и время простоя. Но ничего сломаться не должно)",opentherm;wiring;diagnostics;from_chat
64,У вас на сайте нашел что ваша приставка к котлам тоже работает со стаут. Но комментариев там нет..,"Так тогда надо писать в чаты счастливых обладателей конкретно этих котлов, а тут солянка, может и есть , но не факт что они ответят в пятницу вечером😅. Имел дело с разными котлами и разными родными девайсами и приложениями... Не рекомендую. К примеру к моему котлу в родном девайсе можно мин температуру задать 35, хотя котел по opentherm может 26, на радиаторах норм, а на теплых полах без смесительного узла критично. Staut и его родное приложение может в WiFi, если ваш роутер/точка доступа может в 4дж - будет работать.",opentherm;wifi;from_chat
65,"И да, выше писали - или в интерфейсе или в документации термодатчики перепутаны. Кстати а зачем их два ? Как это завязано в логике работы. И вообще не описано (или не нашел) как работает темостатирование","Термостатирования нет в прошивке. Но идея с двумя датчиками правильная. Один измеряет температуру на улице, другой в помещении. Можно реализовать управление котлом по эквитермическим кривым с компенсацией по комнатной температуре. Логика такая: чем холоднее на улице, тем выше температура до которой котёл будет греть воду. Если заданная пользователем температура в помещении не достигнута, то ещё прибавим нагрева.",sensors;firmware;from_chat
66,"Главное то, что котел может работать и без смарттерм, а вот зоопарк самоделок нет. Смарттерм беру для себя и надеюсь один раз настрою и забуду, пока не сдохнет. Остальное игрушки, есть и соноф и туя и ксяоми. Всем уже наигрался. Пс был бы электро котел, то сделал без проблем бы нормальный пид т.к. работаю с промышленными контролерами на языке fbd(ардуино, с++ и питон не умею)","Так он и без Home Assistant тогда будет работать, если что Просто не очень понятна идея подключения температурных датчиков к смарттерму, с любой прошивкой. Больше одного датчика ему не нужно ни в каком случае, и я бы советовал проводной.",mqtt;sensors;firmware;wiring;settings;from_chat
67,"Здравствуйте, всем! Нужна помощь. Не нашёл ответа на свой вопрос. Котёл зота мк-х 15 кВт, подключил к НА, после выключения режима нагрев, котёл выключается, но после включения нагрева через термостат в НА не включается (мощность котла стоит на 0, и только руками можно выставить на, например, 10 кВт, после этого начинает греть). Как заставить его включаться по термостату?",Котел Zota один из котлов со специфическими особенностями. В котел обязательно должны передаваться по шине opentherm комнатная температура и заданная температура термостата котла. Даже если термостат котла не используется.,opentherm;wiring;from_chat
68,"а я так понимаю что там какой-то другой контроллер и уже с прошивкой :-) к стати, а принципиально что у контроллера должно быть два ядра? я на одноядерном пытался запустить - оно прошилось, портал открылся, но после настройки wi-fi на мою сеть оно отваливается совсем - и в ком-порт ни чего не отвечает (тот что через USB) и по сети не видно","я один раз на этот одноядерный посмотрел - ну его нафиг. Что не работает - логично, в двуядерном одно ядро сетью-вайфаем занимается, а тут все в одной куче и без ""отдачи тиков процесору"", как говорили программисты на PC, когда он был однопроцессорным",wifi;firmware;power;settings;diagnostics;from_chat
69,"хочу вот это проделать ""При пропадании питания контроллера большая часть котлов выпадают в ошибку по причине отсутствия активности на интерфейсе OpenTherm. Если нормально замкнутое реле подключить к интерфейсу OpenTherm, то при отсутствии питания на контроллере оно будет замкнуто, т.е. будет работать как перемычка, котел будет работать без ошибки, без использование OpenTherm.","а, ну это надо сначала потренироваться, когда включено, когда выключено, когда питание выключено. Просто тестером в винтики разъемов потыкать, а потом провод с опентерма через реле подключить",opentherm;wiring;power;diagnostics;from_chat
70,"котел de dietrich naneo pmc 34 вопрос - уличного датчика для котла не покупал, может ли этот контроллер ""прокидывать"" данные уличного датчика в котел чтобы он свою погодозависимую автоматику задействовал? или контроллер сам может регулировать температуру теплоносителя по уличной погоде? (без подключения к НА)","насчет уличного датчика было тут <URL> ""Прокидывать"" уличный датчик может котел в контроллер (Параметр Text). Контроллер, наоборот, может прокидывать комнатную температуру (Troom) в котел. По идее контроллер может сам регулировать, но не в родной прошивке.",sensors;firmware;wiring;from_chat
71,"У меня уже все работает прекрасно 8 лет. Мне нужно включить модулирующим каскадом параллельно два котла в автоматическом режиме. Пока переключаю поочередно в ручном режиме. Мне нужно экспертное мнение специалиста по возможности применения SmartTherm. Я думаю, что достаточно ясно выразил текстом свою мысль?","Вам нужно написать модель котла{ов] и если они поддерживают то, но прошивка родная два котла не потянет, так как это разные сущности, и Вам придётся изучать альтернативные прошивки со всём вытекающим, тк как тут нет людей у кого котлов больше чем один",firmware;from_chat
72,"А можно чуть поконкретнее, чем esp32 функциональнее в текущих прошивках? Есть ли смысл переплачивать?","В прошивке которая устанавливается по умолчанию - функциональность одна и та же. Ни какой разницы нет. Если она вас вполне устраивает, то берите 8266 (у меня такая же сейчас стоит) . Но если вы захотите скачивать и устанавливать какие то другие экзотические прошивки. которых полно в интернете можно найти, или писать свои собственные и на них прокачивать ваш котел в разных режимах работы, то вполне возможно ESP32 вам покажется более привлекательным.",firmware;hardware;from_chat
73,"так это не то чтоб проблема ) какие-то мастер-установки на котле не переустанавливаются через опентерм протокол, может быть защита от дурака может недоработка, но просто имеем то что имеем )","В большинстве котлов нет, возможно в единицах каких, я не встречал. Дело в том что ОТ становится управляющим, и он говорит когда котлу включать нагрев. А тут ещё панель рядом тоже даёт команды отключить нагрев. Кому котёл должен верить? Если в котле реализована логика приоритетности управления, то возможно и будет работать, но я повторю, таких не встречал",general;from_chat
74,"А насколько безопасно включать и выключать котел через opentherm? Может, вместо включения и выключения использовать управление температурой теплоносителя? Например, когда термостат увидел перетоп, то поставил температуру теплоносителя в 30 градусов, а когда детектировал охлаждение, то вернул ее в 65 градусов. Так можно?","через опентерм вы делаете то же самое, что и кнопками на панели. Делать как вы говорите можно, если котлу не страшно 30 градусов. Но смысла в этом нет, если можно постоянно ""крутить ручку "" с заданием температуры теплоносителя",opentherm;safety;from_chat
75,"Вы хотите сказать что это нормальное поведение и отключать насос можно двумя способами, я правильно понял? 1) задать температуру теплоносителя ниже той которую котел умеет готовить. Например = 0 градусов. 2) отправить команду на отключение контура отопления.",Не правильно. Отопление можно отключить. Как минимум двумя перечисленными способами. Помпой управляет котел. По своим встроенным алгоритмам. Напрямую управлять помпой по opentherm невозможно. Но косвенно влиять на то как котел управляет помпой возможно. По крайней мере на buderus и bosh.,opentherm;from_chat
76,"Если не вносить ограничения в пределы регулировки в интерфейсе, то целевую температуру нагрева можно выставить на минимум 10 градусов и что в таком случае будет делать котел перейдет в ошибку или просто отключиться. Меня интересует ""min_temp"" = 10 это баг прошивки или фича которую можно с пользой использовать. Если первое то исправьте в следующей версии, а если второе то расскажите сообществу для чего это сделано.","Контроль работы ПИД регулирования. ПИД меняет целевой показатель, как он приближается к минимуму котла, котёл включается.",firmware;settings;diagnostics;from_chat
77,"Полагаю, что это то значение, по которому работает котёл без PID. Вот, как, например, у меня старенький бош-4000 работает: крутёлкой можно установить только максималку подачи - горелка зажглась, теплоноситель нагрел до этой температуры - горелка погасла. Следующий раз зажгётся, когда температура на выходе будет равна нашей уставке минус гистерезис (который там не регулируется. Так же и здесь. Отключите PID и посмотрите, что будет.","Вот и я так этог гист вычислял, в ручном режиме накатывал Т выхода и смотрел когда горелка включается.",settings;from_chat
78,"вот показания датчика температуры которые я передаю на контроллер - в доме пока не живу, там большие панорамные окна и солнце существенно днем нагревает помещение без включенной вентиляции (поэтому такая картина). Но для понимания видно как она меняется. для теста заданная температура всегда установлена на 23 пока","О! Так получается, что в порядке. <ADDRESS>, котёл не греет. Он бы и сам включился при остывании, что и подтверждается ручной накруткой заданной температуры. После включения ведь заданная опять вниз упала. Всё хорошо.",sensors;from_chat
79,"В доме нет интернета, сигнал GSM часто пропадает, высокий фон помех ( военный аэродром). GSM WI FI роутер от симки смартфона (не хочется переплачивать за симку для модема) не раздаёт интернет даже после ""танцев с бубнами"". Вот и хочу использовать старый простой роутер со смартфоном вместо GSM WI FI роутера. Сервер HA с контроллером чтобы не зависеть от интернета. И так как много помех использовать минимум соединений по wi fi.",«Не раздаёт» или «не ловит интернет из-за высокого уровня помех»? Что за такой Wi-Fi роутер от симки?,wifi;mqtt;from_chat
80,"Не поверишь - у меня в 2 метрах, но контроллер упорно делает вид, что за корпусом котла ничего не видит","Питание от платы котла брать страшно. Даже если там есть 5 вольт. Далеко не факт, что хватит тока. Просадить питание плате котла - так себе удовольствие. Если есть желание спрятать внутрь, имеет смысл по витой паре вместе с проводными датчиками температуры пустить 5 вольт по свободным проводкам. Или наоборот утащить от котла подальше, да запитать от обычной зарядки. По протоколу OpenTherm линия аж 50 метров допускается.",opentherm;sensors;wiring;power;from_chat
81,"Здравствуйте! Наблюдаю такую картину в OpenTherm statistics на вкладке Debug веб-интерфейса родной прошивки (большое число в первой позиции). Версия прошивки 0.8.5. Котел Ferroli Leb 18. Симптом у этого такой: котел игнорирует уставку и греет теплоноситель при 100% модуляции выше заданного значения. Подскажите, как можно диагностировать, в чем проблема?","в данном случае это статистика обмена по OpenTherm первое число - это число хороших пакетов, т.е. у вас с опентермом собственно нет проблем. Покажите закладку SmartTherm",opentherm;firmware;settings;diagnostics;from_chat
82,"Может где-то описано, но не нашёл. Можно ли установить целевую температуру PID через MQTT? Пробую через number.boiler_pid по аналогии с number.boiler_t_indoor, но не устанавливается. Цель: менять температуру с панели управления с Home Assistant интерфейсом на борту","Чз автоматизацию: alias: ""Set PID 22°С on 22 o'clock "" description: """" triggers: - trigger: time at: ""22:00:00"" conditions: [] actions: - action: climate.set_temperature metadata: {} target: entity_id: climate.mizudo_pid data: temperature: 22 mode: single",mqtt;settings;from_chat
83,"Да, электрический. При 40 то же самое: прогрел до 44 и не собирается останавливаться. Что характерно, если отключить контроллер и замкнуть провода (т.е. сделать перемычку), выставить на самом котле те же 40 градусов, то когда теплоноситель подбирается к уставке, котел начинает частично отключать ТЭНы, это слышно по щелчкам внутри котла. И таким образом поддерживает уставку с минимальными колебаниями.",возможно на котле надо какие-то настройки поменять... а датчиков температуры помещения у котла нет?,sensors;wiring;settings;from_chat
84,"Товарищи, мб кто-то сталкивался с проблемой невозможности установки температуры и модуляции (котел navien ngb210) [OT][HEATING][WARN] Failed set target temp [06:22:16][OT][WARN] Failed set max modulation: 100% (response: 100%) помогите, плз :)","А у меня вопрос, контроллер не умеет запоминать настройки? Сеголня туда сюда электричество падало. Так вот сейчас захожу в НА, и вижу что контроллер явно работает на ПИД, хотя он был выключен. И пид термостат в НА светится как выключенный Это что за баг?",opentherm;settings;from_chat
85,"Замени - если есть возможность. У меня 2 типа реле есть, все туа. У одних есть ZigBee , другие с wifi . Те что с зигби через конвертеры заведены в ХА. Т.е. туа интеграция для них не нужно. А вот вайвай - да, им интеграция, и увы, уже 2 дня Китай не на связи - т.е. этих девайсов я в ХА не вижу (wifi)","Есть одна панель, но в openHASP. Никаких проблем 🤷‍♂ Люди переводят в основном локально датчики... Там по еспхоум всё работает как надо... Соответственно, никаких ключей никаких привязок к облакам👍",wifi;sensors;from_chat
86,"Есть умный <ADDRESS> home assistant. Есть уличный датчик и комнатный, работают на ZigBee, передают температуру на сервер умного дома. Контроллер сейчас подключил, в умный <ADDRESS> через mqtt. Я правильно понимаю, что этими автоматизациями можно отдавать контроллеру котла температуры от моих датчиков? Или надо ещё прошивку контроллера менять на нестандартную?","правильно понимаете. но практическое использование показало, что лучше использовать родные датчики, подключенные к самому контроллеру.",mqtt;sensors;firmware;wiring;from_chat
87,"Кстати, вопрос. А в чем смысл подключения двух DS18B20 на разные GPIO? Ведь их же можно подключать параллельно на один и тот же вывод. Правда, не помню, какое там ограничение по количеству датчиков - не то 16, не то 32","так получилось. Ну и втыкать-вытыкать проще в разные разъемы, чем друг за другом. Кроме того, братья по разуму из Китая подлянку сделали.... DS18B20 оказывается не вполне DS18B20 и одна из подлянок заклюяается в том, что китайские клоны не умеют несколько на одной линии",sensors;wiring;from_chat
88,"Поставил НА на старый ноут, завел на него все термостаты Tuya. Удобно с одной панели видеть все показания и графики. На котле один раз настроил и все. Конечно хочется как то прикрутить еще смарттерм, но одновременно с входом термостата они не работают. Спрашивал тут, про подключение простого термостата к контроллеру на аналоговый вход, но молчат как рыба об лед","Видно, что нет датчика внешней температуры. Тогда было бы Text = ... и как этот датчик температуры в помещении увидеть....",sensors;wiring;from_chat
89,"в мозгах моего котла прописано, что когда вкл. режим отопления, тогда насос работает.","На своем Buderus я обнаружил такое: - если отключить контур отопления, то помпа включается очень редко. Иногда прокачивает систему и проверяет температуру в контуре в целях безопасности. - если оставить контур включенным, но температуру задать ниже той которую умеет готовить котел. То горелка больше включаться не будет. А вот помпа прокачивает систему гораздо чаще. Но то же не постоянно молотит.",safety;from_chat
90,"у меня пока видимо так не получится проверить. Даже если переведу контроллер в режим записи, то кроме выставления температуры теплоносителя не выйдет ничего. Пока была идея использовать контроллер как удаленный термостат, но как оказалось не так все просто.","Ранее тут обсуждался вариант повесить nc-реле на opentherm. Когда контроллер жив, он его размыкает. Когда не работает - замыкает. Ну и в контроллере не мешало бы watchdog. Сейчас по сути контроллер - ещё одна точка отказа.",opentherm;diagnostics;from_chat
91,"А мне опентерм что то не нравится, температуру он поддерживает, но сама схема поддержки не нравится, батареи горячие, тепло аж давит, а потом холодные. Хочу чтобы работало постоянно, но на минимальной температуре, чтобы в комнате было комфортно, без этих всплесков. А там нет эквитермических кривых для реализации этой схемы","Opentherm тоже не оправдал моих ожиданий, может на Baxi так неполноценно работает. Сейчас использую обычный термостат в НА, температура держится идеально.",opentherm;baxi;hot_water;from_chat
92,"Подскажите как понизить частоту процессора? В setup нет такой настройки, сейчас на 240 молотит","Хотел спросить у кого виснет. Рядом не проходит высоковольтный провод? 220 который? Просто у меня все нормально было, но в проводах был бардак. Я провода прибрал аккуратно, так что провод 220 прошел около 10 см от контроллера. И стал отваливаться вай-фай. Контроллер зависал. Я все высоковольтные провода убрал как можно дальше и уже около года не отваливается и не виснет. Проверьте.",wiring;settings;safety;diagnostics;from_chat
93,"Smaththerm32 датчик Т1 периодически показывает температуру 85%, затем возвращается на текущую температуту. Установлено, что от прошивки не зависит (пробовал родную, сейчас Live-control), от датчика тоже не зависит (пробовал разные датчики. В чем может быть проблема? датчик Т2 работает корректно","+85 и -127 - это контрольные значения при обрыве линии данных и питания соответственно. Проверяйте контакты, где-то косяк. От прошивки действительно не зависит, проблема в проводах.",sensors;firmware;wiring;power;from_chat
94,"Здравствуйте! я правильно понял, что вот это строки else { //если горелка еще выключена if(_u - BoilerT > 10.f) { _u = BoilerT + 10.f; //ограничиваем температуру теплоносителя при включении _ustart = _u; } } постоянно держат уставку на уровне Ткотла + 10?","если горелка выключена. Ибо горелку включает сам котел, и если уставка будет близка к температуре бойлера, то он быстро нагреет до уставки и отключится. 10 градусов - от балды, по идее параметр, который надо задавать.",settings;hot_water;from_chat
95,"Подскажите, как сделать так, чтобы источник температуры на улице игнорировался? У меня подключен только один комнатный датчик, и хотелось бы чтобы PID рассчитывалась по нему. Сейчас выставил желаемую температуру в 23 градуса и котел включается каждые 5-10 минут на 1 минуту.","источник немпературы на улице поставить -1, тогда базовая температура теплоносителя будет равна u0, Т.е. котел будет выставлять температуру u0 когда температура в помещении точно равна заданной",sensors;wiring;settings;from_chat
96,"Проверил: на первом скрине настроенная и работающая версия 0.8 от 23.11.24. После обновления до версии 0.8 от 05.12.24 все настройки слетают и котел перестает работать (скрин 2). Если ничего не трогая опять обновиться до версии 0.8 от 23.11.24, то все настройки возвращаются как на скрине 1 и котёл продолжает работать","ну да. Так типа и задумано. С новой версией ничего не запоминалось, поэтому конфиг остался от предыдущей версии и при загрузке предыдущей он читается",firmware;settings;from_chat
97,Ну нагревается он и что? Зачем это контролировать),"В вашей схеме есть перегрев. Котёл готовит воду 60 градусов, даже когда достаточно 40. Контроллер позволит не греть выше нужного уровня, меняя уставку котлу не 3 раза в сезон, а раз в минуту. На этом и строится вся экономия газа. Нагнать в гидрострелку 60 и отключиться или постоянно гнать какие-то 48 - вот и вся разница. Постоянное горение, вроде как экономичнее. Но это в цифрах надо смотреть, у меня их нет 🤷🏼‍♂",settings;from_chat
98,Есть ли у кого возможность замерить напряжение на клеммах OpenTherm с подключённым smarttherm и без него? На фото электрокотел zota solid.,"При чем тут обычный термостат? Сматрттерм из коробки умеет работать с роводным датчиком, не нужно BLE, если провод дотянется. Вам все равно нужен ОДИН датчик Про полезность ПИДа не скажу - вопрос о ПИД в управлении котлом вижу только теоретически, практически проверять не вижу смысла для себя - без него все идеально работает",opentherm;sensors;wiring;settings;from_chat
99,"70 не могу. 67 край. Но она так и стояла. Здесь ещё один прикол - если отключаю контроллер то выпадает ошибка е83 и я не могу управлять котлом. Ошибка не сбрасывается. Пишут что для решения этой проблемы надо предварительно отключить котел с контроллера, но я этого тоже сделать не умею","Врут. Я бы сказал: отключить котёл при подключенном контроллере. Отсоединить контроллер. Включить котёл. Котёл отключенный кнопкой на панели и обесточенный, это не одно и тоже.",wiring;diagnostics;from_chat
100,"да выше выяснили уже, что отопление не включалось, потому-что я контур не включил видимо предварительно","В большинстве котлов нет, возможно в единицах каких, я не встречал. Дело в том что ОТ становится управляющим, и он говорит когда котлу включать нагрев. А тут ещё панель рядом тоже даёт команды отключить нагрев. Кому котёл должен верить? Если в котле реализована логика приоритетности управления, то возможно и будет работать, но я повторю, таких не встречал",general;from_chat
101,"Да. Контроллер и котёл на всякий перезагрузил. Отопление отключил галкой. Снова включил. Передал PID, потому как при откл отопления он отключился. И пока без изменений. Уставка теплоносителя чуть меняется, но в пределах 2 градусов 34-36.","<USER> , т мин т макс в setup что? При какой т котел включает горелку, можно проверить в ручном постепенно поднимая уставку теплоносителя, т при которой котел кл горелку и будет эта т. Какой гист вкл горелки на вкладке ПИД?",settings;from_chat
102,"А смысл? Минимальная для погоды, минимальная для ПИД... Зачем их складывать?","затем, что PID регулятор так лучше работает. Например, у вас уставка 20 градусов в комнате, и в комнате 20, в первом случае котел выддает теплоноситель 40 градусов, во втором - 0, т.е. не работает. Если в комнате 19 градусов, котел будет выдавать 40 + 1, если Kp=1, и медленно растущий интеграл. Во втором случае выдаст 1 + медленно растущий интеграл, т.е. опять котел не работает...",settings;diagnostics;from_chat
103,Чем чревато выключение ? У меня утеплённый <ADDRESS> мощный котёл. Конечно хорош был бы конденсационный и топил бы я его на 25 градусов ТН . Но в моём случае грею теплоноситель по PId на 55 градусов и потом отключаю контур отопления. Иначе зачем насосу котла крутить зазря 2часа . Комната остывает на 0.1 от заданной всё включается и так опять.,Обсуждалось уже неоднократно. BOSH GAS 6000 \ Buderus U072 c БКН у этих котлов температура ГВС передается в ID29,settings;hot_water;from_chat
104,"если сам котел будет выбирать мощность и температуру ТН, то почему он должен это делать максимально быстро, если только это не заложено у него в мозгах","Ну так прошивку котла не совсем дураки писали. Если вы хотите в БКН 60 градусов, а котел видит, что текущая 40, то греть он будет на 100% мощности, чтобы нагреть максимально быстро. А если котел видит, что текущая 58, то чтобы нагреть ее на два градуса до заданной, он включится на минимальной мощности.",firmware;from_chat
105,"А двухконтурные, вроде, так и работают. Но не об этом сейчас. Получается, то, что отправил контроллер на котел, это же значение и получил. Это здорово. Но при нажатии на кнопку на котле - выводит прежнюю температуру, будто и не менялась...","с бойлером косвенного нагрева сначала лучше подождать минуты три, нажать обновить - если не появляется температура горячей воды - переходить в setup-дополнительно ""Использовать CH2 для горячей воды"" - перегрузить",hot_water;from_chat
106,"наврятли, но мб какая нибудь мистическая выдача ip или смена его раз в 34?30? минут + фиксированный ip устройства… пахнет со стороны настроек wifi… однако, мистика.","Некоторые роутеры сильно умные (keenetic). В настройках wifi у них есть всякие ""улучшатели"" типа динамический смены канала, и тому подобная хрень. ESP сильно не любит такие ""улучшатели"" сигнала. Тут в чате были скриншоты, что надо поотключать на keenetic, чтобы сеть работала стабильно",wifi;settings;from_chat
107,"А как это проверить, поддерживает ли ограничение модуляции мой котел. В веб-морде ограничил максимальную модуляцию до 20% и ничего не изменилось, скорость нагрева и тактование как при полной модуляции остались.","В альтернативной прошивке можно менять предельный уровень модуляции. Даже динамически, в зависимости от условий. И делать раздельно уровни модуляции для отопления и ГВС. Адаптеры EctoControl то же поддерживаются OpenTherm \ Ebus \ Navien",opentherm;firmware;hot_water;from_chat
108,"А можно ли использовать ST чисто для отслеживания ошибок, а управление оставить испрльзовуя комнатный термостат? Иначе получается управлять температурой внутри помещения можно будет только через приложение или НА","Не откладывая на завтра, отключил ST. Замкнул контакты. Накрутил на котле 45 градусов. Перезапустил котёл. И он счастливо стартанул и начал греть до 70 с лишним. Плюнул и прикрутил пока механический термостат. С ним проблем не было.",general;from_chat
109,"<USER> добро дня, очень интересно, где можно почитать как это реализовано? я правильно понял что по шине OpenTherm с котлом взаимодействуют два устройства родная выносная панель и smartTerm?","В описании протокола OpenTherm это называется шлюз. В одном устройстве есть мастер и слейв и можно со слейва (от панели) транслировать мастеру, который командует своим слейвом (котлом), а можно игнорировать панель и работать как просто контроллер котла.",opentherm;from_chat
110,а вот на это не смогу ответить. отдельно от контроллера как проверить доступность котла? вся информация идет через контроллер.,"если контроллер недоступен, то в журнале событий будет ""Last Wiil"" - сообщение о недоступности всех объектов. Если недоступен котел, то будет вышеописанное сообщение ""OpenTherm: потеря связи"". Если другая ошибка - должно быть сообщение о этой другой ошибке с каким-то кодом. Поэтому я и не понимаю, что происходит",opentherm;diagnostics;from_chat
111,"Время выбега насоса — это параметр, который определяет, как долго насос продолжает работать после выключения горелки. У меня он не выключается.",Не правильно. Отопление можно отключить. Как минимум двумя перечисленными способами. Помпой управляет котел. По своим встроенным алгоритмам. Напрямую управлять помпой по opentherm невозможно. Но косвенно влиять на то как котел управляет помпой возможно. По крайней мере на buderus и bosh.,opentherm;from_chat
112,"Пока ты рядом, подскажи. А можно как-то посмотреть вообще всё, что отдаёт котел по opentherm? Просто у моего котла в инструкции написано и на плате есть разъём под уличный датчик температуры. Вот интересно - если я его подключу, то появится ли он в mqtt?","1. Посмотреть можно программой для тестирования из закрепа. 2. Если в информации есть ""Text"" = T extermal, то появится. Может быть Text появится только при подключенном датчике",opentherm;mqtt;sensors;wiring;from_chat
113,"гидрострелка должна быть некой вундервафлей, которая всё сама делает? а почему не батарея, пусть котел греет 80 а батарея ссыт чуток, чтоб не жарко было, а теплые полы очень стараются быть теплым а не горячими.. главное чтоб горел котел на 80.. утюгом","Гидрострелка тут не главное. Контура с управлением подмесом отрегулируют температуру как надо. Когда контура перестают брать тепло, то котел останавливается по температуре подачи.",hot_water;from_chat
114,"Господа , а в целом есть какой то гайд по настройке системы отопления а не только работы котла ? Поплывки , колллекторы и прочие вентилия Введение в тему так сказать. Я так понимаю в коллекторе теплого пола тоже есть какая то логика термостатирования ( биметалический термостат) , и что то там настраивается даже и регулируется .",Коллектор тёплого пола регулируется термоэлектрическими клапанами. Вот туда как раз esp вполне годна,settings;from_chat
115,"Короче 99 процентов что опентерма нет, мне нужно понять смогу я через реле его настроить или нет , если нет то иду и сдаю не рисковать чтобы","потому что надо написать изменения в прошивку. И еще раз - с реле можно только включать и выключать. Задавать температуру можно ту, которую поддерживать в помещении. Прошивку можно самостоятельно написать ну или ждать штатного тормоза. Приложение для управления по реле тоже надо менять",firmware;from_chat
116,"У меня дисплей (термостат) отдельно на двух проводах. Я предположил (понадеялся), что может быть он пр какому то известному протоколу общается. Мне по большому счету как таковое управление второстепенно, главное вовремя получить уведомление об ошибке. А то не было бы беды..","Два провода это может быть, что угодно: сухие контакты или известные протоколы OpenTherm, E-BUS, BridgeNet (Ariston), BSB (Baxi), Navien, Wolf, Daesung",opentherm;baxi;wiring;diagnostics;from_chat
117,"Можно ли обойтись без уличного датчика температуры? Задавать температуру в помещении через веб интерфейс, контроллер видит показания, датчика температуры в помещении и в зависимости от большесии или меньшести задананной температуры, выдаёт управляющее воздействие.","Конечно можно без датчика. Датчик лишь для того, что бы система быстрее. И вы почитайте об установках. В качестве датчика можно через НА все, что угодно указать.",sensors;from_chat
118,"А что имеется в виду под ""с другим алгоритмом работы пид""? Сравнение с чем происходит?","С алгоритмом из прошивки SmartTherm. Я немножко инженер, имею право оценивать 😉 То, что написано у Евгения, нормально работать не должно. Приблизительно - да, пожалуйста. Без переходов целевой температуры от +25 к +10 и обратно. Но работать точно и во всем диапазоне - не может. Много раз указывал на эти косяки. Но это его бизнес, не мой.",firmware;settings;from_chat
119,"Боюсь, вместе с датчиком или разъемом точно не пролезет. Можно ли штатный разрезать и нарастить? Какой провод применен? Да и 5 метров не факт что хватит, Хотя хз.","10 метров тоже есть, На Яндексе и али. Обычно газовая труба в гильзе, а в гильзу пихают типа пакли. Гильза у DS18B20 чуть толще самого кабеля. Разрезать и нарастить тоже можно, только надо сообразить - там по даташиту на какую длину какой резистор нужен",sensors;wiring;from_chat
120,"А где можно посмотреть список кодов ошибок? К примеру, выдало ""OT Fault 158"", а что это означает?","Коды ошибок которые котёл отдаёт в шину opentherm и который он показывает на своём экране придумывает каждый производитель котла самостоятельно. Стандарта нет. Коды которые котёл показывает на экране можно найти в паспорте котла или загуглить по ""модель котла + код ошибки"" Copilot хорошо справляется с такой задачей.",opentherm;diagnostics;from_chat
121,"<USER> и еще спрошу, надеюсь подскажете, по PID. Если смарттерм подключен к котлу, то родные мозги уходят в аут? Модуляция горелки ей вроде реализуется обычно, а тут как я понимаю уже СТ все берет на себя? Елси pid не включить следовательно тогда и модуляции не будет? Котел будет шпарить на все 100%?","если не Comfort, то пульт не на Опентерме. Тогда общий случай, т.е. управлять с пульта нельзя, смотрпть можно",wiring;settings;from_chat
122,"Evgen, дайте пожалуйста наводку: где почитать как использовать аналоговый вход А0. Конкретно, куда подключить физически, максимальный уровень напряжения. Плата ESP32-wroom32.","В SmartTherm 32 есть возможность измерения аналогового сигнала, амплитудой до 5В. Сигнал заведен на 6-ой канал ADC1(GPIO 34). Для подключения можно установить клеммник, место на плате предусмотрено, или припаять без клеммника напрямую.",wiring;hardware;from_chat
123,"Просветите кто может, как реализован функционал ""Использовать CH2 для горячей воды"". Уставку для dhw2 ведь нет возможности отправить котлу.","Когда ставите эту галку, то большинство котлов воспринимают это как указание, того что котел подключен к схеме водоснабжения с Бойлером Косвенного Нагрева. А не к проточной подаче воды. Установку температуры ГВС котел обычно берет из ID 56. Не зависимо от включения CH2.",wiring;settings;hot_water;from_chat
124,тут галочка вообще не снимается/ставится) но вроде после переключения туда-сюда панель-ст ошибка ушла,"Я б не стал, на esp32 проще и понятней. У ""бандуры"" есть gpio и аппаратный UART? А, да, вспомнил! Когда-то давно я старый кнопочный телефон для этой цели использовал. DTMF-декодер через mini-jack подключил к разъему наушников, и оно реально работало 😂 Потом интернет оптикой протянули, выбросил. Похоже, зря.",wiring;hardware;diagnostics;from_chat
125,"Получается, что логика такая в Вашем случае: котлу топить, пока есть хоть одно недотопленное помещение?","Я сделал 4 ПИДа, у каждого по два ""руля"": набор головок на коллекторе и заданная температура теплоносителя. У кого расчетная больше, тот рулит котлом, открывая свои головки. Остальные рулят только головками. Ну и двухминутная задержка на открытие/закрытие головок, чтоб насос котла не работал на задвижку.",settings;from_chat
126,"«Для управления контроллером через интернет необходимо заполнить параметры MQTT» Подскажите, пожалуйста, что это за параметры и откуда их брать?…",Устройства домашней автоматизации общаются между собой по протоколу MQTT. Приложения подключаются тоже по mqtt. Сервер mqtt можно развернуть свой в домашней сети или воспользоваться сервером в интернете. На сайте LiveControl в личном кабинете есть облачный mqtt.,mqtt;wiring;from_chat
127,"Есть желание приобрести данную вещь. Интересует как она будет работать с комнатный термостатом? И есть ли выход lan или только WiFi? ( в котельной просто плохо ловит, провод протянуть не проблема, второй роутер ставит не охото)","только WiFi. По результатам экспериментов вариант с ESP32 c отпаяным транзистором добивает дальше, чем esp8266, до 45 метров по коридору из комнаты через одну стенку в полкирпича",wifi;wiring;hardware;from_chat
128,"Не знаю. Я не ""ковырялся"" в коде ещё, и логи даже не смотрел во время такого поведения. Я правильно понял что если подключено устройство - то оно ка пид регулятор работает, а не автоматика котла?","На родной прошивке просто имитация панели котла, задаётся температура отопления и ГВС, и кнопки вкл/выкл. Никаких пределов температуры и использования датчика температуры нет, это всё к сторонним прошивкам.",sensors;firmware;wiring;settings;hot_water;from_chat
129,"Хотелось бы прикрутить как-то к устройству,чтобы можно было отслеживать давление в системе и пополнять по надобности самому. А то раз в месяц оно падает до критической,а бегать каждую неделю смотреть не хочется. Утечку тоже не найдешь,все в стенах","можно самостоятельно прошивку допилить ну и допаять немного, в зависимости от того, какой датчик. Или есть HA, то запилить отдельный контроллер с датчиком",mqtt;sensors;firmware;pressure;from_chat
130,"Доброго! Такая история - котелmizudo m24th, горелка отопления включантся с привязкой к заданной желаемой температуре, но отключается только при достижении температуры теплоносителя 80гр, в чем может быть дело и где копать?","смотреть на экран SmartTherm без включения PID регулятора, задавать температуру теплоносителя в ручном режиме. Ts должно равнятся Tsr через некоторое время после изменения уставки",settings;from_chat
131,"Эта прошивка позволяет подключать эти термометры по zigbee через шлюз к HA. У меня так сделано. Отсюда вопрос, прошивка livecontrol и otgetway умеют работать с ним, те прикидываться шлюзом?","Прошивка LiveControl умеет получать данные от других устройств по MQTT. Из таких систем как OpenMQTTGateway, Zigbee2MQTT, SLS, Tasmota, NodeRead, HA, openHAB, Fhem, domotiz, EEdom, HOMEd. Про OTgatеwey не знаю.",mqtt;firmware;wiring;from_chat
132,Я наверное по другому сделаю. Оба котла включу по графику с изменением наружной температуры. Только De Dietrich PMC-M 24/28 MI Plus без панели управления. Смогу ли я настроить параметры в котле через SmartTherm ?,"с родной прошивкой пока можно только потренироваться и проверить работоспособность связи с котлом. а вот по графику - это или альтернативные прошивки, или через Home Assistant и esphome",mqtt;firmware;from_chat
133,также настройка Температура теплоносителя и Температура горячей воды не меняют настройки в меню на панели котла это нормально?,На панели котла отображается не заданная с контроллера температура. Там отображается верхний предел диапазона в котором котлу разрешено работать. Выставили на котле кнопками 65. Вот контроллер и будет управлять температурой в диапазоне от 35 до той которую выставили.,settings;hot_water;from_chat
134,"Поставить mqtt, прокинуть HA наружу. Установить приложение SmartTherm. В идеале все первичные настройки контроллера сделать через его собственный интерфейс (так как переданные настройки из НА не сохраняются при перезагрузке контроллера).","""прокинуть HA наружу"" как это лучше сделать, смотрел инструкции... sshы... torы...? ""прокинуть интерфейс контроллера"" - из HA в вэб ST, можно подробнее?",mqtt;settings;from_chat
135,"а в доме или в месте, где стоит термостат? Как вы управляете температурой в комнатах? По идее котел должен работать всегда. В каждой комнате свой термостат, который управляет термоголовкой на коллекторе. + Теплые полы на 40 градусов на постоянку.","А на команды ОТ котёл получается не реагирует? Если термостат скажет греть, а ОТ скажет не надо или наоборот. Что делает котёл в этом случае?",general;from_chat
136,Вот вопрос: когда подключено устройство - оно само управляет котлом (мониторит температуру и реагирует на нее - зажигает и т.п.) или оно дает параметры (желаемые температуры) на котел и контроллер котла управляет всем (как если бы не было ничего подключено)?,"Ну вот загадка какая-то. По идее при подключении контроллера с пульта котла уже нельзя задавать температуру, а у вас задаётся",wiring;from_chat
137,А ему это и не надо знать) это чтобы контроллер корректые данные получал и управлял отоплением. У котла свои датчики остаются как есть чтобы не нарушать логику работы,"О! Так получается, что в порядке. <ADDRESS>, котёл не греет. Он бы и сам включился при остывании, что и подтверждается ручной накруткой заданной температуры. После включения ведь заданная опять вниз упала. Всё хорошо.",sensors;from_chat
138,Это каки образом? В формуле ПИД регулятора нет переменной уличной температуры.,"правильно. Зато есть дельта управляющего воздействия. Эта дельта складывается с температурой теплоносителя, которая получается из эмпирических соображений. Если есть внешняя температура - это ""кривая ПЗА"". Если ее нет, то просто ставим минимальную температуру, которую выдает котёл, например 40 градусов",settings;from_chat
139,"Так и делаю. Начинает работать по температуре теплоносителя. А если переключаю на работу по комнатной температуре, то все слетает. Или нужно сначала настроить контроллер на работу по комнатной температуре, а потом с котлом манипуляции провести?","чет есть подозрение, что где-то в настройках otg вы задаете эту максимальную температуру. Есть профильный чат - может там помогут <URL>",settings;from_chat
140,"Ну как вариант сделать разницу между водой и уставкой не 10, а например 15, или 16, тогда котёл запустится, или все таки в котле поменять с - 15, до - 9 например...",if(_u - BoilerT > 10.f) { _uu = BoilerT + 10.f; //ограничиваем температуру теплоносителя при включении if(_uu >= mypid.umin) { _u = _uu; _ustart = _u; } чтобы задаваемая температура не опускалась ниже минимальной,settings;from_chat
141,"Я правильно понимаю, что на последней версии 0.8.4 с фиксом для ST2, решена только проблема со связью, но функционал по работе с панелью ещё не допилен полностью? Вчера попробовал переключить панель в режим мастера, горелка всё так же не адекватно себя ведёт.","вроде допилен, но есть нюансы... типа того, что панель надо подключать после того, как подключили к котлу контроллер",wiring;from_chat
142,"у себя я перепишу, но сам факт остался, какой то обрыв связи проявляется. и склоняюсь к тому что это именно потеря связи чем ошибка котла.","eще может быть sensorState.setValue(""OpenTherm: потеря связи""); Такое получается, когда десять раз подряд получается таймаут по опентерму. Это секунд 5. Может котел сам уходит в какую-нибудь самодиагностику раз в час на какое-то время?",opentherm;diagnostics;from_chat
143,"Видно, что когда душится синий, то обратка жёлтого теплее - т.е. в нее уходит больше тепла и он быстрее прогревается","Если термостат будет перекрывать прогретый контур, то холодный контур будет получать больше. Поток теплоносителя уменьшится через котёл, но через холодный контур точно не уменьшится, а возрастёт. То есть на холодном контуре будет больше тепла оставаться.",general;from_chat
144,"я так понял что предполагается проксирование, т.е. панель думает что управляет котлом напрямую, а контроллер просто принимая данные от панели правит свои установки и управляет котлом","есть варианты, например у Бакси, если я Евгения правильно понял, панель управляет, но почти не запрашивает данных (состояния, температуры, и пр), тоесть в MQTT почти нечего постить",mqtt;baxi;from_chat
145,"Под входным клапаном подразумевается 3х ходовой смесительный? Есть фото или ссылка, чтобы взглянуть про какой входной клапан на который штатно встанет крепление термоголовки?",Обычный клапан под термостат m30 встроен в коллектор на трубе подачи у термотеха. И точка для термодаичика после смесителя и насоса. Можно поставить обычный термостат с выносным датчиком,sensors;from_chat
146,"извините немного туповат, у меня есть smart therm 32, на esp32 плата собрана, вот датчик что выше допустим куплю, куда его провод конкретно можно впаять впихать? к какому то контакту на плате?","На плату ST я бы хорошо подумал, перед тем как добавлять что-то. Тут лучше с <USER> консультироваться. Я имел в виду отдельную есп подходящую и к ней уже датчики.",sensors;wiring;hardware;from_chat
147,"Возможна передача по MQTT температур t1 и t2 с единицами измерения? А то они на графиках отдельно из-за того, что без единиц измерения.","да, можно вынуть размерную из бойлер ПИД, t1 там есть. Можно сделать 2 новых температуры и добавить механизм их вычисления. Но может лучше без рукоблудства, поменять T1 и T2 добавив туда градусы при передаче в MQTT.",mqtt;settings;hot_water;from_chat
148,"У меня слишком примитивный котел, у него даже дисплея нету. Я хотел как-то внешним способом это настроить, через OpenTherm.","Инструкцию все же посмотрите. St котлу задоет вкл/выкл и уставку, а котел по своему разумению вкл/выкл горелку. В первую очередь настройкикотла, либо с настройками ПИДа играться. Если есть opentherm то не такой уж примитивный.",opentherm;settings;from_chat
149,Здравствуйте если подключить ваш контроллер к котлу viessman vitodens 100 при ошибке отключение газа можно ли перезагрузить котел удаленно,Протокол не предусматривает команд перезагрузки котла. Но можно прикрутить к SmartTherm реле. И при необходимости рубануть питание котла. ☠️ Вопрос только: сбросит ли котел ошибку по газу при включении....,wiring;power;diagnostics;from_chat
150,Комнатная это которая в доме (комната) т.е. датчик один. Так понимаю в зависимости от показания датчика температуры надо выставлять как то температуру носителя в котле.,Это 2 разных вида управления котлом: вкл/выкл и изменение температуры теплоносителя. Простой комнатный термостат - это просто вкл/выкл. Температуру в комнате он держать будет,sensors;from_chat
151,"<USER> запускал программу smarttest уже несколько раз, каждый раз заканчивается на BLOR Test: W OTid 4 Command:Sts SUCCESS (1) Cmd responce code: hb 0001 lb 0000 Command failed где ещё посмотреть причину что котел не распознаётся?",что так заканчивается - это нормально. Распознавание котла - это R OTid 3 SConfigSMemberIDcode:Sts SUCCESS (1),general;from_chat
152,"Встречный вопрос, уличный датчик для котла нормальный кто-нибудь может подсказать?","Лично я протянул на улицу обычный ds18b20, но он не к котлу подключается. А для котла Baxi ampera plus в комплекте были два проводных датчика для комнаты и улицы. Ну и для БКН. Вот ими я не пользовался. Потестировал, но провода наращивать не стал, толку нет.",sensors;baxi;wiring;from_chat
153,"А штатная выносная панель Baxi Luna 3 Comfort 310 Fi, будет работать как Slave, если что-то случится с самим SmartTherm 2? Например, он зависнет или у него не будет питания?","Котел всегда slave. SmartTherm является мастером для котла и слейвом для панели. Панель только мастер. Если между панелью и котлом сдохнет SmartTherm, связи не будет.",baxi;power;from_chat
154,"Так как управлять режимом зима/лето? Будерус если что. Вся проблема в том, что там opentherm и сухой контакт это одно и тоже. До этого стояло реле, которое отключало/включало котел по уличной темп",На будерусе достаточно просто отключить контур отопления. Никаких дополнительных манипуляций для перевода в летний режим делать не требуется,opentherm;safety;from_chat
155,"а кто как меряет температуру фактическую теплоносителя и ГВС? у смарттерма всего два щупа — я их: один на улицу, второй на подачу теплоносителя в отопление повесил. а вот на ГВС — чем бы снять?",Самое логичное - купить датчик давления и в систему ГВС его поставить. Он будет и давление контролировать (мало ли чего) и температуру носителя,sensors;hot_water;pressure;from_chat
156,"термостат ничего не говорит. Он или замыкает цепь или размыкает. Если цепь замкнута - котел работает как обычно, если разомкнута - просто не может включить отопление","Если цепь разомкнута по данным термостата, то ОТ по своим данным его может включить. Тот же Baxi по инструкции и требует разомкнуть перемычку для своего функционирования.",baxi;from_chat
157,И будет ли котел через датчики температуры как то подстраивать свою работу?,"через реле - аналогично другим термостатам на сухом контакте, можно только замыкать/размыкать контакт и измерять температуру в помещении. В крайнем случае измерять еще температуру на улице или получать ее через интернет. Никаких данных по котлу узнать нельзя",sensors;from_chat
158,И? Опять закрытый протокол и производитель железа… Я пошел по другому пути - производитель котла делает WiFi пульт и дает рулить котлом бесплатно… Даже котел был такой SmartTok со встроенным таким пультом… Пусть так и будет… 😉,"так не получится. И к котлу не подключить, и устройства Opentherm работают парой по принципу мастер-слейв",opentherm;wifi;wiring;from_chat
159,"Если пид не включать, то логикой отопления управляет котел, а контроллер как ""крутилка"" температуры. Мне это на первом этапе и нужно. Вот и возник вопрос - откуда он температуру помещения подхватит.","Видно, что нет датчика внешней температуры. Тогда было бы Text = ... и как этот датчик температуры в помещении увидеть....",sensors;settings;from_chat
160,"А если у меня уставка сделана на 24 градуса, а текущая температура climate.boiler_pid (в крутилке термостата) показывает 23.7 градуса и в комнате постепенно холодает, то при какой температуре снова запустится котёл?",надо смотреть на выдачу ПИДа. И на cmdCH - когда оно включено котел включает горелку по своему усмотрению,settings;from_chat
161,А что в данном контексте является процентами PID? Повышение температуры теплоносителя на столько то процентов? Или ...?,"Я передаю число которое рассчитал PID прямо в котел. Как заданную температуру в контуре отопления. Если PID = 45 , то это для котла значит греть контур отопления с температурой = 45 градусов цельсия",settings;from_chat
162,То есть я правильно понимаю я выставляют на морде максимум например 80 настраивают пид на OT и котёл уже управляеться по пид от OT ?,"котел будет ориентироваться на ту температуру, которую ему предаст контроллер. А откуда ее берет контроллер - не важно. Если в нем включен PID и он работает, значит будет работать PID.",opentherm;settings;from_chat
163,"Вот интересный момент с температурой в помещении. Должен же быть датчик темп помещения, а у меня его нет. В таком виде работать не будет?","Я подключил на шлейф, который выходит из контроллера котла . это специальный выход для установки внешнего датчика температуры. А уличный датчик подключен к контроллеру SmartTerm",sensors;wiring;from_chat
164,в 29 скорее будет температура как раз БКН а в 31 ГВС - Будерусы странные :)),ID29 - текущая температура в бойлере солнечного коллектора ID30 - текущая температура в контуре солнечного коллектора ID31 - текущая температура во втором контуре отопления (котлы с БКН) ID32 - текущая температура во втором контуре ГВС 😂,hot_water;from_chat
165,"2E это недостаточное давление наполнения отопительной системы - так в инструкции написано но вот сейчас ошибка пришла по OT ""OEMDcode cf"", а на дисплее котла никаких ошибок нет","ну может оно было краткровременное, котел не упал в ошибку, В Oemcode записалось, а Fault в другое время прочиталось и там все по нулям",opentherm;pressure;diagnostics;from_chat
166,"Тестирую вот, взял устройство на работу, на рабочем роутере попробую. Ну если даже предположить что в роутере проблема, то почему 8266 плата работает в домашней сети...?","есть одно отличие 8266 от esp32 по части вайфая. Если роутер древний и на нем выставлена безопасность просто wpa, а не wpa2, то esp32 глючит",wifi;safety;hardware;from_chat
167,"о каком термостате настенном речь? у меня котел вообще не ориентируется на температуру in/out, я говорю ему грей на 60 - он греет на 60 и поддерживает","Если речь про панель на самом котле, то если при подключении контроллера ОТ кнопки блокируются, то сделать с этим ничего нельзя. Производитель котла так решил.",wiring;from_chat
168,"Здравствуйте вопрос такой есть котел протерм пантера на плате есть 3 разъема под термостаты , подключили на Клему 24 вольта , разъем opentherm , мог пострадать smarttherm ?",пока только T indoor/outdoor и крутилки для горячей воды и отопление без пида. Обещанный пример автоматизации для крутилок так и не родил,opentherm;wiring;settings;hot_water;from_chat
169,"Подскажите пожалуйста, это кейс у человека с данным девайсом? Котёл работает по одному датчику температуры, который где то установлен в доме?","Судя по всему, именно так. Подробностей не знаю. Можете самостоятельно у него уточнить. Но прошивка у него точно LiveControl с другим алгоритмом ПИД. Который работает.",sensors;firmware;settings;from_chat
170,"Да я внимательно смотрел , большой разем это openTherm, поменьше это slave он не подключен , так как не нашел куда его подключать","я так понимаю, что нет смысла спрашивать, зачем тогда купили именно ST2.. Ошибки нет, непонятно почему для неподключенного так пишет... вроде должно писать, что OT2 не подключен",opentherm;wiring;diagnostics;from_chat
171,"вот менял, а он при «задать» возвращал на страницу smarttherm и при входе в настойки там опять 0/0 было, но уже вижу что mqtt правильно передает","там же подсказка есть, если брать из MQTT, то ставить 4 и как оно в HA будет называться тоже написано. Примеры автоматизации - на гитхабе лежат, в папке /ha",mqtt;from_chat
172,"ну объясните тогда. Я только котел купил baxi ampera plus. Есть необходимость в управлении уделенно, или подключению к какой-то общей системе умного дома. Что посоветуете?",1. с амперой и zотой есть непонятки по обмену. Главные над программистами того и другого обещали помочь. но ушли в несознанку.,baxi;wiring;from_chat
173,"😳 зачем тогда opentherm, интересное применение. А вкл/выкл это smartther регулирует или HA?","Логика в HA. Вкл-выкл и смена температуры - у него опентерм нужен для смены температуры, мониторинга, ну и поскольку он подключен и сухой контакт для термостата не активен - то и вкл/выкл через opentherm.",opentherm;mqtt;wiring;safety;from_chat
174,И котёл не должен пытаться нагнать 80 теплоноситель а раз пид то от температуры на улице и внутри регулировать?,"котел будет ориентироваться на ту температуру, которую ему предаст контроллер. А откуда ее берет контроллер - не важно. Если в нем включен PID и он работает, значит будет работать PID.",settings;from_chat
175,На плате есть вход под аналоговый датчик. Возможно ли на него повесить обычный термостат с сухим контактом ? Есть в прошивке какая то реализация по аналоговому входу ?,"Подскажите, можно ли smarttherm настроить только на считывание параметров котла и ошибок, но чтобы при этом ПЗА котла работала?",sensors;firmware;from_chat
176,на 60% я бы хотел иметь хотя бы полную информацию о котле в режиме чтения. раз режим записи параметров в котел по неясным причинам не работает. ну и как следствие ни о каком пид тоже речи не идет,если у вас котел реагирует на уставку температуры в ручном режиме - значит запись параметров идет,settings;diagnostics;from_chat
177,"Ребят, в контроллер же от юсб питается? Нельзя его подпитать от котла как-то? Хочу прям в корпусе котла поставить, чтобы никто не видел","В котле скорее всего 5 вольт есть. Но OpenTherm штатный интерфейс, с необходимой защитой. А тут какой то «левый дивайс» прямо к плате питанием присоединять.",opentherm;power;from_chat
178,Хотя бы видеть температуру смогу?,"через реле - аналогично другим термостатам на сухом контакте, можно только замыкать/размыкать контакт и измерять температуру в помещении. В крайнем случае измерять еще температуру на улице или получать ее через интернет. Никаких данных по котлу узнать нельзя",general;from_chat
179,"Всем доброго дня! Подскажите пожалуйста, контроллер только с газовыми котлами работает? С электро нет?","Если на котле электрическом есть разъем шины opentherm то, я так понимаю, контроллеру без разницы тип источника тепла, он принимает, обрабатывает и передает приходящие по этой шине данные.",opentherm;from_chat
180,"Если при подключении к контроллеру ""напрямую"" выбираю этот пункт - подключение отличное без проблемное как через веб интерфейс так и через приложение. Но выхода в интернет нет.","ну так логично. Контроллер поднимает свою точку доступа, к интернету он доступа не имеет, вы подключаетесь к нему",wiring;from_chat
181,"Не понимаю какой выбрать, с датчиками или без. Для чего они, как то в автоматизациях используются или просто для информации? Датчики на улице, в комнатах есть, все закинуты в HA.","Когда контроллер с датчиками, котёл будет работать сам, не требуя ни Wi-Fi ни НА с zigbee. Это всяко надёжнее.",wifi;mqtt;sensors;from_chat
182,"Если устройства проверялись, то может пользователи подключают слабый блок питания. Сколько минимальная мощность должна быть? В инструкции только про максимальную сказано","да там мощности никакие. esp32 потребляет максимум дай бог памяти 300-400 ма в режиме передачи, при напряжении 3.3 в",wiring;power;hardware;from_chat
183,"Я так и не понял, для удаленного управления обязательно нужно облако? В клиенте на андроид я не нашел настроек. А для веб управления тоже нужно облако?","в клиенте андроида в настройках есть контроллер и есть сервер. Настройки сервера менять не надо, если вы не поднимаете свой сервер.",settings;from_chat
184,Правильно понимаю если один датчик температуры указан внутренний то ПЗА режим ее используется ? ( выключателя отдельно не вижу),"есть два ПЗА. Тот, который в PID'е и тот, который OTC (ID0:HB3). Первому без разницы, какой источник для температуры на улице. Что делает второй - неясно",sensors;settings;from_chat
185,"То есть, безо всяких PID просто включать и выключать котел в режиме термостата?","Ну да. В межсезонье, кстати, это само собой получается и с ПИДом. Как заданная дорастает до 45 градусов, я котел включаю. Падает ниже 31 - отключаю. Поначалу пару раз за день включается, потом чаще.",settings;from_chat
186,Подскажите а для работы pid достаточно одного датчика температуры помещения? Или уличный тоже нужен?,"С уличным должно быть более точное поддержание температуры. В качестве уличного можно использовать данные из инторнетов в Home Assistant, пример автоматизации лежит на гитхабе",mqtt;sensors;settings;from_chat
187,"У меня нет пока датчика,какой надо взять? И куда что паять можно подробней плиз?","если аналоговый - то на аналоговый порт заводить, причем аналоговый должен быть на 3.3 В, если цифровой, то смотреть по ногам - на какую ногу можно завести. Какой датчик вот тут обсуждали <URL>",sensors;from_chat
188,"<USER> подскажи, пожалуйста, в одноконтурном котле смогу менять режимы работы отопление и нагрев воды? И температуру для этих режимов? В котле opentherm есть.",Одноконтурный - значит есть только контур отопления. Для горячей воды там колхозят бойлер косвенного нагрева,opentherm;hot_water;from_chat
189,"я поэтому подумал может до заводских сброс сделать, чтобы id все новые создались и ha создал новое устройство. но что-то не нашел пока как именно это сделать","оно само создается, если контроллер отресетить - пойдет процесс автодискавери или как он там точно называется",mqtt;from_chat
190,"Хорошо, попробую прошиться отладосючно программой и лог потом выложить. Или это пока не актуально? Котёл immergas",актуально. после прошивки вебинтрефейс не будет появлятся пока 500 пакетов Опентерма не пролетит. Это минуты 4. Потом можно отратно прошить без отладки,firmware;from_chat
191,"Так, народ, для удаленного управления таки нужны сторонние решения (кинетик, тейлскейл etc) или достаточно андроид клиента с гитхаба?","Для управления - достаточно. Но для мониторинга, погодо зависимой автоматики нужен home assistant, mqtt и кинетик для доступа извне",mqtt;from_chat
192,"Скажите, есть возможность сделать сервер на телефоне андроид?",Да. Но после перезагрузки телефона сервер придется руками стартовать. Посмотрите в сторону Perenio или МТС Прошиваете openwrt. И у вас всеядный zigbee |Bluetooth| WiFI роутер. С mqtt сервером на борту.,wifi;mqtt;from_chat
193,"Есть какая то прям пошаговая, условно не для мрфессионалов ?","Ты немного подожди, может сейчас кто опытный подтянется и выдаст прямую инструкцию 😅. Но я сам все настроил за пару часов. И не профессионал. Проспо пишешь в поисковике ha mqtt настройка и вперед",mqtt;settings;from_chat
194,"это задал, вопрос как через mqtt HA задавать? и в расписание можно ли? полагаю, через HA как раз?","там же подсказка есть, если брать из MQTT, то ставить 4 и как оно в HA будет называться тоже написано. Примеры автоматизации - на гитхабе лежат, в папке /ha",mqtt;from_chat
195,Короче лучше с этим контролером вручную работать через приложения что бы головняка не было?,"Это отдельная большая тема по ХА. Если быстро, то желательно отдельно железка, на котором Вы устанавливаете сервер home assistant и который будет работать 24/7",mqtt;from_chat
196,"Чтобы вот этот хоум-асистент, это надо прошивать контроллер? И как настроить где найти?","Это отдельная большая тема по ХА. Если быстро, то желательно отдельно железка, на котором Вы устанавливаете сервер home assistant и который будет работать 24/7",mqtt;from_chat
197,"Подскажите а для чего нужен ""аудио разъем для подключения аналогового сигнала"" у ESP32?","для сильно желающих измерять аналоговый сигнал. В следующей версии корпуса мы решили от него отказаться, хотя на плате останется посадочное место для разъема.",wiring;hardware;from_chat
198,"Можно ли как-то управлять котлом по MQTT, в какой топик что писать?","А есть возможность Home Assistance установить? Там контроллер встаёт сам с удобными управлялками. Т.е. оно так и происходит, через MQTT, но без разбирательств, что куда посылать.",mqtt;from_chat
199,Вот именно с этим (переключением на использование через домашнюю сеть) у меня и возникла проблема. Напрямую всё работает как часики.,"ну так логично. Контроллер поднимает свою точку доступа, к интернету он доступа не имеет, вы подключаетесь к нему",wiring;from_chat
200,Только тогда смысл от пульта?,"""Штатный"" пульт это скорее всего внешний термостат? Есть контроллеры opentherm с поддержкой внешнего термостата. В котёл подключается контроллер opentherm. В контроллер opentherm подключается внешний термостат",opentherm;wiring;from_chat
201,Не хочу провода. Почему плохо датчики температуры на ESP? Они не отваливаются и настроить раз в 10 секунд модель опрос их,"Хз, я за медь, мои загоны, ну и как уже писал <USER> - надежнее, WiFi отвалится, HA ляжет отопление будет работать.",wifi;mqtt;sensors;wiring;from_chat
202,А газ расход никак не получится снять/рассчитать?..,"а его нет ни в OpenTherm, ни счетчика газа в котлах нет... Была идея считать расход по модуляции (эффективная модуляция, средняя за час) , но Бакси подосрало со своей нулевой модуляцией",opentherm;baxi;from_chat
203,На какой дельте температур котел запустится?,"котел включает и выключает горелку по своим соображениям... у вас еще и обратку показывает как ноль... кроме того, обычно есть минимальное время от выключения до включения - обычно 3 минуты",general;from_chat
204,"Подскажите пожалуйста, нормально ли это когда котел греет горячую воду, путем нагрева теплоносителя аж до 90 градусов?","Если БКН, то у многих так. Котёл пытается максимально быстро нагреть бойлер. Поэтому врубает мощность на максимум.",hot_water;from_chat
205,id 14 это master ID? Или это 100% мощности разрешить?,"Нет, 14 - это id команды, передаваемой от контроллера в котел. Она задаёт максимально допустимую модуляцию горелки. Туда надо сотку отправить, ну или любое число по усмотрению.",general;from_chat
206,"То есть получается если цеплять вместо перемычки, то все заработает, и плюсом можно зацепить нормально закрытый контакт реле контроллера?",да. Но только проверить сначала все в ручном режиме... С реле народ тоже умудряется напутать,general;from_chat
207,"Slave интерфейс - это что такое, галочка в этом меню не убирается , физически это разем панели ?","у вас на контроллере написано OpenTherm на одном разъеме Котел, на другом - Панель. Вот эта панель и есть slave интерфейс OpenTherm",opentherm;from_chat
208,"Уточню на всякий, board - nodemcuv2, верно? не под рукой контроллер","хрень какая-то.... еще могу посоветовать удалить устройство OpenTherm и еще раз повторить установку. Больше навскидку сказать нечего, надо ручками повторять",opentherm;from_chat
209,"Я на Opentherm Gateway остановился, она поприятней и более функциональная как мне кажется","Всем привет. Читаю инструкцию по подключению. Подскажите, как зайти в описываемый Captive Portal? Зайти по IP устройства на 80 порт?",opentherm;wiring;from_chat
210,Чего уж там проблема. Это как смартфон к своему вайфай подключить. Выбрать сеть и набрать правильный пароль.,"ну так логично. Контроллер поднимает свою точку доступа, к интернету он доступа не имеет, вы подключаетесь к нему",wiring;from_chat
211,40% наверное останется (минимум что может отображаться) но при этом греть будет меньше если уменьшить ток катушки,"Либо съем тепла повышать 😉 Это скорость насоса, диаметр трубы, грязевик. Заданную ГВС уменьшить до 40...45.",hot_water;from_chat
212,а нельзя датчик DS прокинуть в бойлер и указать соответствующие настройки?,"нельзя. Там во-первых другой датчик, NTC какой-нибудь и с него в два разных места температуру не отдать... Только если два датчика рядом запихнуть",sensors;settings;hot_water;from_chat
213,Подскажите пожалуйста чем модель на esp8266 отличается от esp32?,"ESP32немного более функционален, но ESP8266 немного подешевле выходит. С точки зрения работы с приложением для SmartTherm - они идентичны по функционалу.",hardware;from_chat
214,"я так понимаю что и два контура включить надо, прежде чем отключать котел и подключать OT?",Да. Сначала разрешить оба контура на котле. Если есть такое управление. Потом оба контура разрешить командой opentherm/,opentherm;wiring;from_chat
215,как же так? котел умеет получать информацию о температуре БКН….,"нельзя. Там во-первых другой датчик, NTC какой-нибудь и с него в два разных места температуру не отдать... Только если два датчика рядом запихнуть",sensors;from_chat
216,Смотрю в смарт кот вы тоже админ. Здесь и там это одинаковые устройства?,Я не админ. Я написал прошивку которая не привязана к конкретной модели устройства. Работает даже на самодельных контроллерах opentherm,opentherm;firmware;from_chat
217,"может ли ESP 8266 не пропускать трафик из интернета, а только local host принимать?",а что говорит проверка доступности портов снаружи? И вообще не очень хорошо контроллер голой попой в интернеты выставлять?,general;from_chat
218,"ЕSP32 можно же вместо 8266 подключить, пины только подпоять соответствующие. Схем же одна?","Конечно можно сделать замену контроллера, но придётся колодку перепаивать на новое место. ESP32 меньше по размеру.",wiring;hardware;from_chat
219,Из какой папочки взять бинариник в итоге : st или st2?,"ну логично же - для st2 из папки st2. На самом деле можно из любой, в ST по сравнению с ST32 добавлено реле, в ST2 доабвлено реле и второй OpenTherm",opentherm;from_chat
220,"Парни вопрос, к smarttherm можно подключит СК от реле контроля напряжения вместо датчика температуры например?","Так писали уже. Пожертвовать одним датчиком температуры, подключить СК и допилить прошивку.",sensors;firmware;wiring;from_chat
221,а контроллер на запущенный котел подключается нормально? или через обесточивание?,Да. Сначала разрешить оба контура на котле. Если есть такое управление. Потом оба контура разрешить командой opentherm/,opentherm;wiring;from_chat
222,"Так, а как тогда управлять котлом в ручном режиме?",да обыкновенно. в крутилке Котел есть кнопка включить отопление и крутилка - какую температуру теплоносителя задать. Примерно так же на котле устроено,general;from_chat
223,"System uptime 39m 16h 5d Ах вот оно чо, почему думаю дырки на графике. Зы: тупанул, 5 дней же 🙈","контроллер в теплице, аптайм 29 дней, RSSI сейчас -75, весь график в дырках... WiFi statistics: <PHONE>",wifi;from_chat
224,А какая разница в вариантах esp32 и NodeMCU 8266?,"Внешне корпус одинаковый. Датчики температуры одни и те же присоединяются. Esp32 чуть более функционален, больше памяти в нем. А 8266 чуть дешевле.",sensors;hardware;from_chat
225,"Скажите, а ESP32 прошивать обязательно с зажатой клавишей? и какой?",Нет. Это было нужно на предыдущих вариантах ESP wroom 32. Сейчас сильно иногда после прошивки нужен ресет или выключение питания,firmware;power;hardware;from_chat
226,"еще вопрос один, там 2 датчика один в бойлер а второй куда?","в бойлер надо штатный датчик котла, эти датчики - температура в помещении и за бортом или еще как, если температуры будут браться из HA",mqtt;sensors;hot_water;from_chat
227,"что будет думать OT, когда фишку к которой он подключен замкнёт реле? :)",ничего не будет думать. это штатная ситуация же. они же и так втыкаются в одну фишку. опентерм допускает замыкание линии.,opentherm;wiring;from_chat
228,для полноты картины вопрос.. при этом место положение smarttherm не меняется?,"единственная версия, которая на ум приходит - что-то с землей не так, и по ней прилетает переменка/наводки",firmware;from_chat
229,а гистерезис для БКН тоже как-то задается контроллером сматтерм?,"Если вам это понадобится, то - Да. Но пока всех устраивала работа БКН по встроенному в котел гистересис термостату.",general;from_chat
230,Esp32 пока в перспективе?,"С есп32 проблем никаких, кроме того, что нет модулей такой же ширины, как и Nodemsu, из-за этого нужно вторую панель ставить в другое посадочное место.",hardware;from_chat
231,"как такое может быть, если он по опентерму управляется",На котле крутилкой (кнопками ) выставили 50. OpenTherm не может выставить больше чем задано на самом котле,opentherm;from_chat
232,а по OpenTherm можно изменять мощьность горелки?,"модуляцией напрямую управлять нельзя. Можно задавать температуру теплоносителя, а модуляцию он сам выставляет",opentherm;from_chat
233,а что в программе максимум?)),хз. Пока в программе переход на новую плату с реле и вариант с двумя опентемами для Баксей с панелями или аналогичных дивайсов,general;from_chat
234,для чего датчики кроме как смотреть температуру?,"Вообще говоря контроллер позволяет управлять котлом, по выставленной пользователем температуре в помещении.",sensors;from_chat
235,"Такой датчик к нему, случаем, не прикрутится?","теоретически прикрутится, если разъемы и распиновка совпадут, но в прошивке нужно самостоятельно прикручивать",sensors;firmware;wiring;from_chat
236,контроллер ее у котла пытается узнать?,контроллер запрашивает ID27? котел отвечает OK и пишет какая там температура. Может без датчика отвечать -30,sensors;from_chat
237,"Это не есть то же самое, что переключатель","Там по протоколу котёл слейв, контроллер мастер и идёт постоянный обмен. Как два мастера будут жить ?",general;from_chat
238,А какой лучше и производительнее?,производительность одна и та же. Но у SmatTherm разъемы для датчиков температуры лучше и реле добавлено,sensors;from_chat
239,"Сп32, как писал выше","есть ESP32, что такое сп32 надо догадываться, ну да ладно. Что и зачем прошивали через web.esphome.io?",hardware;from_chat
